NaN,NaN,0,NaN,NaN,NaN,NaN,NaN,NaN,NaN,NaN,NaN,NaN,NaN,NaN,NaN,NaN,NaN,NaN,NaN,NaN,NaN,NaN,NaN,NaN,NaN,NaN,NaN,NaN,NaN,NaN,NaN,NaN,NaN,NaN,NaN,NaN,NaN,NaN,NaN,NaN,NaN,NaN,NaN,NaN,NaN,NaN,NaN,NaN,NaN,NaN,NaN,NaN,NaN,NaN,NaN,NaN,NaN,NaN,NaN,NaN,NaN,NaN,NaN,NaN,NaN,NaN,NaN,NaN,NaN,NaN,NaN,NaN,NaN,NaN,NaN,NaN,NaN,NaN,NaN,NaN,NaN,NaN,NaN,NaN,NaN,NaN,NaN,NaN,NaN,NaN,NaN,NaN,NaN,NaN,NaN,NaN,NaN,NaN,NaN,NaN,NaN,NaN,NaN,NaN,NaN,NaN,NaN,NaN,NaN,NaN,NaN,NaN,NaN,NaN,NaN,NaN,NaN,NaN,NaN,NaN,NaN,0,0,NaN,0,0,0
NaN,NaN,0,NaN,NaN,NaN,NaN,NaN,NaN,NaN,NaN,NaN,NaN,NaN,NaN,NaN,NaN,NaN,NaN,NaN,NaN,NaN,NaN,NaN,NaN,NaN,NaN,NaN,NaN,NaN,NaN,NaN,NaN,NaN,NaN,NaN,NaN,NaN,NaN,NaN,NaN,NaN,NaN,NaN,NaN,NaN,NaN,NaN,NaN,NaN,NaN,NaN,NaN,NaN,NaN,NaN,NaN,NaN,NaN,NaN,NaN,NaN,NaN,NaN,NaN,NaN,NaN,NaN,NaN,NaN,NaN,NaN,NaN,NaN,NaN,NaN,NaN,NaN,NaN,NaN,NaN,NaN,NaN,NaN,NaN,NaN,NaN,NaN,NaN,NaN,NaN,NaN,NaN,NaN,NaN,NaN,NaN,NaN,NaN,NaN,NaN,NaN,NaN,NaN,NaN,NaN,NaN,NaN,NaN,NaN,NaN,NaN,NaN,NaN,NaN,NaN,NaN,NaN,NaN,NaN,NaN,NaN,0,0,NaN,0,0,0
NaN,NaN,0,NaN,NaN,NaN,NaN,NaN,NaN,NaN,NaN,NaN,NaN,NaN,NaN,NaN,NaN,NaN,NaN,NaN,NaN,NaN,NaN,NaN,NaN,NaN,NaN,NaN,NaN,NaN,NaN,NaN,NaN,NaN,NaN,NaN,NaN,NaN,NaN,NaN,NaN,NaN,NaN,NaN,NaN,NaN,NaN,NaN,NaN,NaN,NaN,NaN,NaN,NaN,NaN,NaN,NaN,NaN,NaN,NaN,NaN,NaN,NaN,NaN,NaN,NaN,NaN,NaN,NaN,NaN,NaN,NaN,NaN,NaN,NaN,NaN,NaN,NaN,NaN,NaN,NaN,NaN,NaN,NaN,NaN,NaN,NaN,NaN,NaN,NaN,NaN,NaN,NaN,NaN,NaN,NaN,NaN,NaN,NaN,NaN,NaN,NaN,NaN,NaN,NaN,NaN,NaN,NaN,NaN,NaN,NaN,NaN,NaN,NaN,NaN,NaN,NaN,NaN,NaN,NaN,NaN,NaN,0,0,NaN,0,0,0
NaN,NaN,0,NaN,NaN,NaN,NaN,NaN,NaN,NaN,NaN,NaN,2.289,NaN,NaN,NaN,NaN,NaN,NaN,NaN,NaN,NaN,NaN,NaN,NaN,NaN,NaN,NaN,NaN,NaN,NaN,NaN,NaN,NaN,NaN,NaN,NaN,NaN,NaN,NaN,NaN,NaN,NaN,NaN,NaN,NaN,NaN,NaN,NaN,NaN,NaN,NaN,NaN,NaN,NaN,NaN,NaN,NaN,NaN,NaN,NaN,NaN,NaN,NaN,NaN,NaN,NaN,NaN,NaN,NaN,NaN,NaN,NaN,NaN,NaN,NaN,NaN,NaN,NaN,NaN,NaN,NaN,NaN,NaN,NaN,NaN,NaN,NaN,NaN,NaN,NaN,NaN,NaN,NaN,NaN,NaN,NaN,NaN,NaN,NaN,NaN,NaN,NaN,NaN,NaN,NaN,NaN,NaN,NaN,NaN,NaN,NaN,NaN,NaN,NaN,NaN,NaN,NaN,NaN,NaN,NaN,NaN,0,0,NaN,0,0,0
NaN,NaN,0,NaN,NaN,NaN,NaN,NaN,NaN,NaN,NaN,NaN,NaN,NaN,NaN,NaN,NaN,NaN,NaN,NaN,NaN,NaN,NaN,NaN,NaN,NaN,NaN,NaN,NaN,NaN,NaN,NaN,NaN,NaN,NaN,NaN,NaN,NaN,NaN,NaN,NaN,NaN,NaN,NaN,NaN,NaN,NaN,NaN,NaN,NaN,NaN,NaN,NaN,NaN,NaN,NaN,NaN,NaN,NaN,NaN,NaN,NaN,NaN,NaN,NaN,NaN,NaN,NaN,NaN,NaN,NaN,NaN,NaN,NaN,NaN,NaN,NaN,NaN,NaN,NaN,NaN,NaN,NaN,NaN,NaN,NaN,NaN,NaN,NaN,NaN,NaN,NaN,NaN,NaN,NaN,NaN,NaN,NaN,NaN,NaN,NaN,NaN,NaN,NaN,NaN,NaN,NaN,NaN,NaN,NaN,NaN,NaN,NaN,NaN,NaN,NaN,NaN,NaN,NaN,NaN,NaN,NaN,0,0,NaN,0,0,0
NaN,NaN,0,NaN,NaN,NaN,NaN,NaN,NaN,NaN,NaN,NaN,NaN,NaN,NaN,NaN,NaN,NaN,NaN,NaN,NaN,NaN,NaN,NaN,NaN,NaN,NaN,NaN,NaN,NaN,NaN,NaN,NaN,NaN,NaN,NaN,NaN,NaN,NaN,NaN,NaN,NaN,NaN,NaN,NaN,NaN,NaN,NaN,NaN,NaN,NaN,NaN,NaN,NaN,NaN,NaN,NaN,NaN,NaN,NaN,NaN,NaN,NaN,NaN,NaN,NaN,NaN,NaN,NaN,NaN,NaN,NaN,NaN,NaN,NaN,NaN,NaN,NaN,NaN,NaN,NaN,NaN,NaN,NaN,NaN,NaN,NaN,NaN,NaN,NaN,NaN,NaN,NaN,NaN,NaN,NaN,NaN,NaN,NaN,NaN,NaN,NaN,NaN,NaN,NaN,NaN,NaN,NaN,NaN,NaN,NaN,NaN,NaN,NaN,NaN,NaN,NaN,NaN,NaN,NaN,NaN,NaN,0,0,NaN,0,0,0
NaN,NaN,0,NaN,NaN,NaN,NaN,NaN,NaN,NaN,NaN,NaN,NaN,NaN,NaN,NaN,NaN,NaN,NaN,NaN,NaN,NaN,NaN,NaN,NaN,NaN,NaN,NaN,NaN,NaN,NaN,NaN,NaN,NaN,NaN,NaN,NaN,NaN,NaN,NaN,NaN,NaN,NaN,NaN,NaN,NaN,NaN,NaN,NaN,NaN,NaN,NaN,NaN,NaN,NaN,NaN,NaN,NaN,NaN,NaN,NaN,NaN,NaN,NaN,NaN,NaN,NaN,NaN,NaN,NaN,NaN,NaN,NaN,NaN,NaN,2.18,NaN,NaN,NaN,NaN,NaN,NaN,NaN,NaN,NaN,NaN,NaN,NaN,NaN,NaN,NaN,NaN,NaN,NaN,NaN,NaN,NaN,NaN,NaN,NaN,NaN,NaN,NaN,NaN,NaN,NaN,NaN,NaN,NaN,NaN,NaN,NaN,NaN,NaN,NaN,NaN,NaN,NaN,NaN,NaN,NaN,NaN,0,0,NaN,0,0,0
NaN,NaN,0,NaN,NaN,NaN,NaN,NaN,NaN,NaN,NaN,NaN,NaN,NaN,NaN,NaN,NaN,NaN,NaN,NaN,NaN,NaN,NaN,NaN,NaN,NaN,NaN,NaN,NaN,NaN,NaN,NaN,NaN,NaN,NaN,NaN,NaN,NaN,NaN,NaN,NaN,NaN,NaN,NaN,NaN,NaN,NaN,NaN,NaN,NaN,NaN,NaN,NaN,NaN,NaN,NaN,NaN,NaN,NaN,NaN,NaN,NaN,NaN,NaN,NaN,NaN,NaN,NaN,NaN,NaN,NaN,NaN,NaN,NaN,NaN,NaN,NaN,NaN,NaN,NaN,NaN,NaN,NaN,NaN,NaN,NaN,NaN,NaN,NaN,NaN,NaN,NaN,NaN,NaN,NaN,NaN,NaN,NaN,NaN,NaN,NaN,NaN,NaN,NaN,NaN,NaN,NaN,NaN,NaN,NaN,NaN,NaN,NaN,NaN,NaN,NaN,NaN,NaN,NaN,NaN,NaN,NaN,0,0,NaN,0,0,0
NaN,NaN,0,NaN,NaN,NaN,NaN,NaN,NaN,NaN,NaN,NaN,NaN,NaN,NaN,NaN,NaN,NaN,NaN,NaN,NaN,NaN,NaN,NaN,NaN,NaN,NaN,NaN,NaN,NaN,NaN,NaN,NaN,NaN,NaN,NaN,NaN,NaN,NaN,NaN,NaN,NaN,NaN,NaN,NaN,NaN,NaN,NaN,NaN,NaN,NaN,NaN,NaN,NaN,NaN,NaN,NaN,NaN,NaN,NaN,11.859,10.097,14.241,8.302,NaN,NaN,NaN,NaN,NaN,NaN,NaN,NaN,NaN,NaN,NaN,NaN,NaN,NaN,NaN,NaN,NaN,NaN,NaN,NaN,NaN,NaN,NaN,NaN,NaN,NaN,NaN,NaN,NaN,NaN,NaN,NaN,NaN,NaN,NaN,NaN,NaN,NaN,NaN,NaN,NaN,NaN,NaN,NaN,NaN,NaN,NaN,NaN,NaN,NaN,NaN,NaN,NaN,NaN,NaN,NaN,NaN,NaN,0,0,NaN,0,0,0
NaN,NaN,0,NaN,NaN,NaN,NaN,NaN,NaN,NaN,NaN,NaN,NaN,NaN,NaN,NaN,NaN,NaN,NaN,NaN,NaN,NaN,NaN,NaN,NaN,NaN,NaN,NaN,NaN,NaN,NaN,NaN,NaN,NaN,NaN,NaN,NaN,NaN,NaN,NaN,NaN,NaN,NaN,NaN,NaN,NaN,NaN,NaN,NaN,NaN,NaN,NaN,NaN,NaN,NaN,NaN,8.578,11.859,11.464,11.859,11.859,10.612,11.839,11.839,NaN,8.302,6.925,NaN,NaN,NaN,NaN,NaN,NaN,NaN,NaN,NaN,NaN,NaN,NaN,NaN,NaN,NaN,NaN,NaN,NaN,NaN,NaN,NaN,NaN,NaN,NaN,NaN,NaN,NaN,NaN,NaN,NaN,NaN,NaN,NaN,NaN,NaN,NaN,NaN,NaN,NaN,NaN,NaN,NaN,NaN,NaN,NaN,NaN,NaN,NaN,NaN,NaN,NaN,NaN,NaN,NaN,NaN,0,0,NaN,0,0,0
NaN,NaN,0,NaN,NaN,NaN,NaN,NaN,NaN,NaN,NaN,NaN,NaN,NaN,NaN,NaN,NaN,NaN,NaN,NaN,NaN,NaN,NaN,NaN,NaN,NaN,NaN,NaN,NaN,NaN,NaN,NaN,NaN,NaN,NaN,NaN,NaN,NaN,NaN,NaN,NaN,NaN,NaN,NaN,NaN,NaN,NaN,NaN,NaN,NaN,NaN,NaN,NaN,NaN,8.578,11.216,11.865,13.146,13.231,13.501,11.464,10.612,10.612,11.839,11.839,11.839,NaN,10.674,10.674,10.674,11.657,11.657,11.657,NaN,NaN,NaN,NaN,NaN,NaN,NaN,NaN,NaN,NaN,NaN,NaN,NaN,NaN,NaN,NaN,NaN,NaN,NaN,NaN,NaN,NaN,NaN,NaN,NaN,NaN,NaN,NaN,NaN,NaN,NaN,NaN,NaN,NaN,NaN,NaN,NaN,NaN,NaN,NaN,NaN,NaN,NaN,NaN,NaN,NaN,NaN,NaN,NaN,0,0,NaN,0,0,0
NaN,NaN,0,NaN,NaN,NaN,NaN,NaN,NaN,NaN,NaN,NaN,NaN,NaN,NaN,NaN,NaN,NaN,NaN,NaN,NaN,NaN,NaN,NaN,NaN,NaN,NaN,NaN,NaN,NaN,NaN,NaN,NaN,NaN,NaN,NaN,NaN,NaN,NaN,NaN,NaN,NaN,NaN,NaN,NaN,NaN,NaN,NaN,NaN,NaN,NaN,NaN,8.884,8.905,11.216,13.146,13.231,13.501,13.231,13.76,13.501,11.839,10.612,11.839,11.839,13.559,14.206,NaN,23.393,21.174,27.926,27.926,27.926,29.622,11.657,29.622,18.347,10.507,NaN,NaN,NaN,NaN,NaN,NaN,NaN,NaN,NaN,NaN,NaN,NaN,NaN,NaN,NaN,NaN,NaN,NaN,NaN,NaN,NaN,NaN,NaN,NaN,NaN,NaN,NaN,NaN,NaN,NaN,NaN,NaN,NaN,NaN,NaN,NaN,NaN,NaN,NaN,NaN,NaN,NaN,NaN,NaN,0,0,NaN,0,0,0
NaN,NaN,0,NaN,NaN,NaN,NaN,NaN,NaN,NaN,NaN,NaN,NaN,NaN,NaN,NaN,NaN,NaN,NaN,NaN,NaN,NaN,NaN,NaN,NaN,NaN,NaN,NaN,NaN,NaN,NaN,NaN,NaN,NaN,NaN,NaN,NaN,NaN,NaN,NaN,NaN,NaN,NaN,NaN,NaN,NaN,NaN,NaN,NaN,NaN,NaN,5.958,10.956,11.329,12.187,13.146,13.76,14.746,14.317,14.05,13.262,10.612,9.79,9.79,10.68,11.839,14.11,19.877,23.393,31.44,31.44,33.822,43.154,54.607,56.903,56.903,48.618,46.941,18.347,18.347,12.578,10.285,10.232,4.482,NaN,NaN,NaN,NaN,NaN,NaN,NaN,NaN,NaN,NaN,NaN,NaN,NaN,NaN,NaN,NaN,NaN,NaN,NaN,NaN,NaN,NaN,NaN,NaN,NaN,NaN,NaN,NaN,NaN,NaN,NaN,NaN,NaN,NaN,NaN,NaN,NaN,NaN,0,0,NaN,0,0,0
NaN,NaN,0,NaN,NaN,NaN,NaN,NaN,NaN,NaN,NaN,NaN,NaN,NaN,NaN,NaN,NaN,NaN,NaN,NaN,NaN,NaN,NaN,NaN,NaN,NaN,NaN,NaN,NaN,NaN,NaN,NaN,NaN,NaN,NaN,NaN,NaN,NaN,NaN,NaN,NaN,NaN,NaN,NaN,NaN,NaN,NaN,NaN,NaN,NaN,8.884,8.884,10.956,12.187,13.53,13.831,14.26,14.746,14.05,13.501,12.965,10.612,9.466,9.466,9.79,10.68,14.206,23.358,23.358,31.44,32.66,38.71,43.154,54.607,54.607,52.227,49.81,58.62,53.519,53.519,18.347,12.578,12.578,NaN,7.187,7.187,NaN,NaN,NaN,NaN,NaN,NaN,NaN,NaN,NaN,NaN,NaN,NaN,NaN,NaN,NaN,NaN,NaN,NaN,NaN,NaN,NaN,NaN,NaN,NaN,NaN,NaN,NaN,NaN,NaN,NaN,NaN,NaN,NaN,NaN,NaN,NaN,0,0,NaN,0,0,0
2.468,NaN,0,NaN,NaN,NaN,NaN,NaN,NaN,NaN,NaN,NaN,NaN,NaN,NaN,NaN,NaN,NaN,NaN,NaN,NaN,NaN,NaN,NaN,NaN,NaN,NaN,NaN,NaN,NaN,NaN,NaN,NaN,NaN,NaN,NaN,NaN,NaN,NaN,NaN,NaN,NaN,NaN,NaN,NaN,NaN,NaN,NaN,NaN,8.884,9.995,10.956,12.187,13.831,13.831,15.63,13.76,13.53,14.05,14.495,13.262,12.011,9.79,9.466,9.446,9.817,14.11,21.151,21.174,25.7,25.7,32.66,38.71,49.81,52.227,49.81,49.81,53.519,53.519,48.618,38.236,46.036,46.036,22.961,NaN,29.044,NaN,NaN,3.896,NaN,NaN,NaN,NaN,NaN,NaN,NaN,NaN,NaN,NaN,NaN,NaN,NaN,NaN,NaN,NaN,NaN,NaN,NaN,NaN,NaN,NaN,NaN,NaN,NaN,NaN,NaN,NaN,NaN,NaN,NaN,NaN,NaN,0,0,NaN,0,0,0
NaN,NaN,0,NaN,NaN,NaN,NaN,NaN,NaN,NaN,NaN,NaN,NaN,NaN,NaN,NaN,NaN,NaN,NaN,NaN,NaN,NaN,NaN,NaN,NaN,NaN,NaN,NaN,NaN,NaN,NaN,NaN,NaN,NaN,NaN,NaN,NaN,NaN,NaN,NaN,NaN,NaN,2.466,NaN,NaN,NaN,NaN,NaN,7.698,9.995,11.415,12.387,15.824,14.768,14.611,14.751,16.139,14.05,14.495,14.317,14.103,12.376,11.546,9.446,9.335,9.79,13.5,14.11,18.515,18.034,18.034,16.684,24.206,24.206,24.206,25.001,46.941,46.941,48.618,46.941,46.941,38.236,38.236,36.968,30.189,19.289,NaN,15.356,15.356,NaN,NaN,4.274,NaN,NaN,NaN,NaN,NaN,NaN,NaN,NaN,NaN,NaN,NaN,NaN,NaN,NaN,NaN,NaN,NaN,NaN,NaN,NaN,NaN,NaN,NaN,NaN,NaN,NaN,NaN,NaN,NaN,NaN,0,0,NaN,0,0,0
NaN,NaN,0,NaN,NaN,NaN,NaN,NaN,NaN,NaN,NaN,NaN,NaN,NaN,NaN,NaN,NaN,NaN,NaN,NaN,NaN,NaN,NaN,NaN,NaN,NaN,NaN,NaN,NaN,NaN,NaN,NaN,NaN,NaN,NaN,NaN,NaN,NaN,NaN,NaN,NaN,NaN,NaN,NaN,NaN,NaN,NaN,7.698,9.995,11.508,14.649,15.569,15.85,15.824,14.768,14.751,14.751,14.611,14.495,14.495,12.965,12.376,11.747,9.808,9.808,11.431,11.431,14.11,16.684,13.878,13.684,14.928,14.928,15.627,13.684,16.65,17.723,18.173,21.938,26.98,30.039,30.189,28.744,28.744,28.744,21.737,19.289,NaN,6.257,NaN,4.899,4.899,NaN,NaN,NaN,NaN,NaN,NaN,NaN,NaN,NaN,NaN,NaN,NaN,NaN,NaN,NaN,NaN,NaN,NaN,NaN,NaN,NaN,NaN,NaN,NaN,NaN,NaN,NaN,NaN,NaN,NaN,0,0,NaN,0,0,0
NaN,NaN,0,NaN,NaN,NaN,NaN,NaN,NaN,NaN,NaN,NaN,NaN,NaN,NaN,NaN,NaN,NaN,NaN,NaN,NaN,NaN,NaN,NaN,NaN,NaN,NaN,NaN,NaN,NaN,NaN,NaN,NaN,NaN,NaN,NaN,NaN,NaN,NaN,NaN,NaN,NaN,NaN,NaN,NaN,5.56,6.475,9.153,10.415,14.649,15.569,15.964,15.964,16.139,15.937,14.751,14.611,14.611,14.503,14.103,12.586,12.161,11.976,11.431,10.373,13.491,13.5,18.034,13.5,12.466,12.466,13.44,13.103,13.103,12.752,13.461,13.702,14.573,15.073,15.532,18.173,26.203,21.737,21.737,19.409,13.554,11.727,NaN,15.356,NaN,4.955,4.955,4.971,NaN,NaN,NaN,NaN,NaN,NaN,NaN,NaN,NaN,NaN,NaN,NaN,NaN,NaN,NaN,NaN,NaN,NaN,NaN,NaN,NaN,NaN,NaN,NaN,NaN,NaN,NaN,NaN,NaN,0,0,NaN,0,0,0
NaN,NaN,0,NaN,NaN,NaN,NaN,NaN,NaN,NaN,NaN,NaN,NaN,NaN,NaN,NaN,NaN,NaN,NaN,NaN,NaN,NaN,NaN,NaN,NaN,NaN,NaN,NaN,NaN,NaN,NaN,NaN,NaN,NaN,NaN,NaN,NaN,NaN,NaN,NaN,NaN,NaN,NaN,6.256,6.344,7.698,9.456,10.415,11.415,14.649,15.569,16.494,15.964,15.964,15.324,15.44,14.611,14.57,14.57,14.503,12.161,11.951,11.546,10.584,10.373,13.491,13.5,13.5,12.466,11.919,12.199,12.466,12.509,12.34,12.34,12.34,12.752,12.087,13.702,14.573,15.073,15.073,15.235,16.762,13.554,13.263,11.727,11.173,NaN,NaN,NaN,NaN,7.24,6.969,NaN,NaN,NaN,NaN,NaN,NaN,NaN,NaN,NaN,NaN,NaN,NaN,NaN,NaN,NaN,NaN,NaN,NaN,NaN,NaN,NaN,NaN,NaN,NaN,NaN,NaN,NaN,NaN,0,0,NaN,0,0,0
NaN,NaN,0,NaN,NaN,NaN,NaN,NaN,NaN,NaN,NaN,NaN,NaN,NaN,NaN,NaN,NaN,NaN,NaN,NaN,NaN,NaN,NaN,NaN,NaN,NaN,NaN,NaN,NaN,NaN,NaN,NaN,NaN,NaN,NaN,NaN,NaN,NaN,NaN,NaN,5.339,6.292,6.699,9.199,10.11,10.191,10.191,12.256,12.604,14.286,14.649,14.854,15.824,14.611,14.611,15.324,14.751,14.57,14.503,12.785,11.951,11.486,11.462,10.373,10.584,11.431,14.624,11.431,11.182,10.315,9.36,10.869,11.919,11.919,12.34,11.541,11.906,9.78,11.906,10.385,12.175,12.316,13.228,12.801,11.727,11.589,11.444,11.173,11.727,NaN,NaN,9.339,9.403,11.675,NaN,NaN,NaN,NaN,NaN,NaN,NaN,NaN,NaN,NaN,NaN,NaN,NaN,NaN,NaN,NaN,NaN,NaN,NaN,NaN,NaN,NaN,NaN,NaN,NaN,NaN,NaN,NaN,0,0,NaN,0,0,0
NaN,NaN,0,NaN,NaN,NaN,NaN,NaN,NaN,NaN,NaN,NaN,NaN,NaN,NaN,NaN,NaN,NaN,NaN,NaN,NaN,NaN,NaN,NaN,NaN,NaN,NaN,NaN,NaN,NaN,NaN,NaN,NaN,NaN,NaN,NaN,NaN,NaN,NaN,5.339,6.292,7.623,9.802,10.346,10.442,10.442,12.604,12.539,13.718,13.718,14.286,13.664,14.286,13.166,14.174,14.225,14.225,14.57,12.689,11.951,11.49,10.584,10.373,10.12,11.431,11.431,11.431,12.314,10.624,9.215,9.215,10.624,11.182,12.385,11.651,10.981,10.981,10.364,9.78,9.78,10.385,11.498,11.625,11.498,11.444,11.444,11.173,10.708,10.132,NaN,10.132,9.403,9.403,9.339,NaN,NaN,NaN,NaN,NaN,NaN,NaN,NaN,NaN,NaN,NaN,NaN,NaN,NaN,NaN,NaN,NaN,NaN,NaN,NaN,NaN,NaN,NaN,NaN,NaN,NaN,NaN,NaN,0,0,NaN,0,0,0
NaN,NaN,0,NaN,NaN,NaN,NaN,NaN,NaN,NaN,NaN,NaN,NaN,NaN,NaN,NaN,NaN,NaN,NaN,NaN,NaN,NaN,NaN,NaN,NaN,NaN,NaN,NaN,NaN,NaN,NaN,NaN,NaN,NaN,NaN,NaN,NaN,NaN,7.623,7.706,7.706,9.802,10.346,10.921,12.084,12.539,12.604,12.604,12.256,11.365,11.954,13.03,12.543,13.664,13.664,13.166,12.543,12.785,12.126,10.943,10.12,10.12,9.916,8.372,10.584,11.462,12.66,12.314,10.775,9.215,9.36,10.423,10.869,11.651,11.651,12.063,10.981,10.364,9.691,9.73,9.73,9.905,10.483,10.884,10.795,11.385,10.884,10.884,10.132,NaN,NaN,9.403,9.403,11.675,12.013,NaN,6.304,NaN,NaN,NaN,NaN,NaN,NaN,NaN,NaN,NaN,NaN,NaN,NaN,NaN,NaN,NaN,NaN,NaN,NaN,NaN,NaN,NaN,NaN,NaN,NaN,NaN,0,0,NaN,0,0,0
NaN,NaN,0,NaN,NaN,NaN,NaN,NaN,NaN,NaN,NaN,NaN,NaN,NaN,NaN,NaN,NaN,NaN,NaN,NaN,NaN,NaN,NaN,NaN,NaN,NaN,NaN,NaN,NaN,NaN,NaN,NaN,NaN,NaN,NaN,NaN,NaN,7.706,8.775,8.806,10.169,10.346,10.954,10.921,11.993,12.256,12.601,12.256,11.365,10.748,11.365,12.117,12.543,13.117,13.664,12.479,12.479,11.881,11.105,9.916,8.378,9.749,8.371,8.24,8.635,11.503,12.314,12.314,10.775,10.624,10.039,10.634,10.869,12.063,11.66,11.651,11.651,10.364,9.528,9.528,9.78,9.73,9.905,9.907,9.905,9.667,9.801,9.801,10.132,9.801,NaN,9.403,7.24,NaN,7.212,11.675,NaN,6.304,NaN,NaN,NaN,NaN,NaN,NaN,NaN,NaN,NaN,NaN,NaN,NaN,NaN,NaN,NaN,NaN,NaN,NaN,NaN,NaN,NaN,NaN,NaN,NaN,0,0,NaN,0,0,0
NaN,NaN,0,NaN,NaN,NaN,NaN,NaN,NaN,NaN,NaN,NaN,NaN,NaN,NaN,NaN,NaN,NaN,NaN,NaN,NaN,NaN,NaN,NaN,NaN,NaN,NaN,NaN,NaN,NaN,NaN,NaN,NaN,NaN,NaN,6.18,8.116,8.116,8.775,10.136,10.954,11.193,11.639,11.337,11.337,10.8,10.422,10.8,10.748,10.509,11.069,12.117,13.117,13.664,13.664,12.117,11.881,11.695,9.749,7.512,7.744,8.12,8.372,8.635,10.091,11.207,12.079,12.079,11.207,10.775,10.775,10.869,11.717,11.725,11.717,11.66,11.033,10.773,9.73,9.528,9.905,9.528,9.437,9.447,9.447,9.026,9.437,9.801,10.617,9.121,10.617,10.034,9.403,NaN,NaN,7.272,6.304,7.212,NaN,NaN,NaN,NaN,NaN,NaN,NaN,NaN,NaN,NaN,NaN,NaN,NaN,NaN,NaN,NaN,NaN,NaN,NaN,NaN,NaN,NaN,NaN,NaN,0,0,NaN,0,0,0
NaN,NaN,0,NaN,NaN,NaN,NaN,NaN,NaN,NaN,NaN,NaN,NaN,NaN,NaN,NaN,NaN,NaN,NaN,NaN,NaN,NaN,NaN,NaN,NaN,NaN,NaN,NaN,NaN,NaN,NaN,NaN,NaN,NaN,NaN,6.72,8.375,8.366,8.806,10.487,11.337,11.193,11.337,11.341,11.993,10.8,10.509,10.509,10.509,10.509,10.748,11.971,12.244,13.117,12.543,12.515,10.943,6.851,6.726,6.616,6.851,8.12,9.749,10.091,11.14,11.418,11.456,12.079,11.365,11.207,10.212,10.775,11.717,11.717,11.572,11.572,11.572,10.981,10.364,10.148,9.73,9.457,8.935,9.01,9.026,8.935,8.935,9.121,10.617,10.705,10.617,10.034,10.034,7.212,NaN,7.212,NaN,5.825,5.665,NaN,NaN,NaN,NaN,NaN,NaN,NaN,NaN,NaN,NaN,NaN,NaN,NaN,NaN,NaN,NaN,NaN,NaN,NaN,NaN,NaN,NaN,NaN,0,0,NaN,0,0,0
NaN,NaN,0,NaN,NaN,NaN,NaN,NaN,NaN,NaN,NaN,NaN,NaN,NaN,NaN,NaN,NaN,NaN,NaN,NaN,NaN,NaN,NaN,NaN,NaN,NaN,NaN,NaN,NaN,NaN,NaN,4.495,6.331,7.973,7.973,8.116,8.116,9.959,10.136,10.169,10.169,11.193,10.415,11.337,10.416,10.8,10.422,10.631,10.631,10.748,10.748,12.244,11.971,12.798,12.244,11.097,10.045,6.832,5.485,5.485,6.003,7.371,8.378,10.091,11.503,11.97,12.079,11.295,11.295,10.927,10.858,10.212,11.365,11.501,11.501,11.66,11.033,11.027,10.545,10.516,9.907,9.907,9.905,8.703,8.643,8.35,8.39,8.39,9.121,10.617,10.034,10.697,10.034,8.361,NaN,NaN,6.304,NaN,5.665,5.449,NaN,NaN,NaN,NaN,NaN,NaN,NaN,NaN,NaN,NaN,NaN,NaN,NaN,NaN,NaN,NaN,NaN,NaN,NaN,NaN,NaN,NaN,0,0,NaN,0,0,0
NaN,NaN,0,NaN,NaN,NaN,NaN,NaN,NaN,NaN,NaN,NaN,NaN,NaN,NaN,NaN,NaN,NaN,NaN,NaN,NaN,NaN,NaN,NaN,NaN,NaN,NaN,NaN,NaN,NaN,NaN,6.331,6.935,8.694,9.62,10.195,9.62,10.487,10.487,10.169,10.136,10.169,11.337,10.416,9.961,10.416,10.631,10.509,10.509,10.509,11.349,11.971,11.971,11.352,11.097,10.045,6.832,6.616,NaN,NaN,6.851,8.378,9.896,10.091,11.418,12.079,11.207,11.207,11.295,11.295,10.858,11.295,11.66,11.501,11.027,11.033,11.033,10.95,10.95,10.545,10.516,10.148,9.907,9.119,8.935,8.643,8.21,7.366,8.883,9.179,9.927,10.034,8.735,9.927,8.361,8.361,8.022,5.825,5.449,NaN,5.825,NaN,NaN,NaN,NaN,NaN,NaN,NaN,NaN,NaN,NaN,NaN,NaN,NaN,NaN,NaN,NaN,NaN,NaN,NaN,NaN,NaN,0,0,NaN,0,0,0
NaN,NaN,0,NaN,NaN,NaN,NaN,NaN,NaN,NaN,NaN,NaN,NaN,NaN,NaN,NaN,NaN,NaN,NaN,NaN,NaN,NaN,NaN,NaN,NaN,NaN,NaN,NaN,NaN,6.935,8.694,8.694,9.575,9.575,10.195,10.685,10.543,10.543,10.487,9.9,9.9,10.95,11.341,10.95,9.961,10.851,10.631,10.631,10.631,10.631,10.631,11.352,11.349,9.851,7.756,6.832,6.726,NaN,NaN,NaN,6.787,8.621,10.742,10.742,11.418,11.97,11.97,12.079,12.079,10.432,10.858,11.295,10.858,10.395,11.501,11.501,11.027,10.95,10.95,10.619,10.856,10.545,9.858,9.02,9.02,8.35,8.21,8.21,8.735,8.735,8.883,9.179,8.826,8.826,8.562,8.562,8.311,8.716,8.311,7.983,NaN,NaN,9.182,9.182,NaN,NaN,NaN,NaN,NaN,NaN,NaN,NaN,NaN,NaN,NaN,NaN,NaN,NaN,10.934,37.016,NaN,NaN,0,0,NaN,0,0,0
NaN,NaN,0,NaN,NaN,NaN,NaN,NaN,NaN,NaN,NaN,NaN,NaN,NaN,NaN,NaN,NaN,NaN,NaN,NaN,NaN,NaN,NaN,NaN,NaN,NaN,NaN,NaN,9.421,9.421,9.575,9.575,10.195,10.195,10.685,10.543,10.543,10.543,10.213,9.9,10.145,9.521,9.9,10.95,10.95,9.961,10.86,10.631,11.186,11.349,10.409,9.851,8.03,7.434,6.269,6.269,NaN,NaN,NaN,NaN,NaN,9.895,9.896,9.895,10.458,11.97,11.97,13.34,13.134,11.295,11.134,11.134,11.134,10.862,10.862,10.862,12.004,12.004,11.479,10.733,10.619,10.464,9.972,9.335,9.195,8.554,7.205,7.366,7.494,8.33,8.33,8.735,8.656,8.716,8.716,8.826,9.256,8.311,NaN,NaN,9.256,NaN,NaN,4.245,9.182,NaN,NaN,NaN,NaN,NaN,NaN,NaN,NaN,NaN,NaN,NaN,4.243,8.451,10.934,13.036,NaN,NaN,0,0,NaN,0,0,0
NaN,NaN,0,NaN,NaN,NaN,NaN,NaN,NaN,NaN,NaN,NaN,NaN,NaN,NaN,3.796,NaN,NaN,NaN,NaN,NaN,NaN,NaN,NaN,NaN,6.571,6.571,9.421,9.608,9.421,9.613,9.613,10.37,10.685,10.782,10.195,10.016,10.213,9.605,9.605,9.9,10.145,9.521,10.553,10.553,9.961,9.304,8.702,9.692,10.86,9.692,9.692,6.969,6.969,6.016,NaN,NaN,NaN,NaN,NaN,4.674,8.621,9.197,9.895,9.951,9.955,11.176,13.34,13.702,13.006,12.681,12.548,11.934,11.889,11.748,10.862,10.818,12.16,11.842,11.479,10.619,10.164,10.065,9.55,9.195,8.554,7.506,7.494,7.494,7.174,7.531,8.656,8.826,8.562,8.716,8.826,9.382,9.256,9.256,9.817,7.983,NaN,6.634,NaN,4.245,4.245,NaN,NaN,NaN,NaN,NaN,NaN,NaN,NaN,NaN,4.243,6.005,13.036,16.933,21.25,NaN,NaN,0,0,NaN,0,0,0
NaN,NaN,0,NaN,NaN,NaN,6.349,NaN,6.349,7.362,NaN,6.456,7.084,6.479,6.479,NaN,NaN,NaN,NaN,NaN,NaN,NaN,NaN,NaN,NaN,6.749,9.618,9.608,9.608,9.613,9.923,10.922,10.782,10.782,10.582,10.195,9.62,9.996,10.016,10.145,9.605,9.9,10.165,10.145,9.554,9.554,9.304,8.702,8.677,8.119,8.119,7.756,6.969,6.016,NaN,NaN,NaN,NaN,NaN,NaN,NaN,NaN,9.16,9.197,9.447,10.315,11.176,13.134,13.702,13.355,13.134,12.548,12.059,11.934,10.862,10.862,11.2,12.16,11.479,10.733,10.442,10.065,9.858,9.64,9.319,9.02,8.201,7.531,7.405,7.405,7.405,7.531,7.538,8.826,9.447,9.382,9.781,9.817,10.509,10.509,10.509,8.411,NaN,NaN,5.434,9.182,NaN,NaN,NaN,NaN,NaN,NaN,3.625,3.625,3.625,4.315,NaN,13.519,17.405,21.25,NaN,NaN,0,0,NaN,0,0,0
NaN,NaN,0,NaN,NaN,6.581,6.581,7.362,9.508,10.256,10.256,9.673,10.395,10.256,9.673,9.673,11.313,9.125,8.991,8.942,5.764,6.169,6.297,6.297,6.749,7.788,9.618,9.923,9.923,9.947,9.618,10.937,10.922,10.582,10.016,10.016,9.996,9.996,9.829,9.605,9.521,9.9,9.521,9.521,9.521,9.554,8.88,8.702,8.062,7.91,6.911,5.855,NaN,NaN,NaN,NaN,NaN,NaN,NaN,NaN,3.338,5.133,8.927,9.197,9.447,9.955,11.176,13.134,13.34,12.563,12.548,12.143,11.889,11.134,11.909,11.889,11.173,11.173,11.224,11.224,10.733,10.065,9.944,9.82,9.55,8.818,8.479,7.816,7.506,7.494,7.494,7.494,7.538,8.847,8.847,8.847,9.781,9.817,10.25,10.25,9.817,10.218,8.411,7.403,5.91,5.91,NaN,NaN,3.433,3.258,NaN,3.325,NaN,NaN,4.315,5.869,6.64,16.933,20.518,21.25,21.25,NaN,0,0,NaN,0,0,0
NaN,NaN,0,NaN,7.817,7.817,10.022,10.62,12.867,12.867,11.267,12.644,12.644,12.644,12.78,12.644,12.423,11.313,9.125,8.942,8.57,8.106,7.306,7.788,9.933,10.06,9.933,10.251,10.555,10.555,9.947,10.251,10.752,10.582,9.996,9.996,10.016,9.829,10.369,9.734,9.506,9.521,9.734,9.554,9.499,9.089,8.702,6.999,6.805,6.606,5.827,5.729,NaN,NaN,NaN,NaN,NaN,NaN,NaN,NaN,NaN,4.379,8.006,8.605,8.927,9.93,10.989,12.202,12.536,78.431,11.865,11.865,11.829,11.889,11.889,11.32,11.224,11.909,11.909,11.2,10.819,10.819,9.972,9.82,9.618,8.92,8.479,8.201,7.828,7.828,7.531,7.538,7.945,8.082,7.84,8.082,8.7,8.7,8.749,8.749,8.749,8.749,8.411,6.184,6.268,5.91,NaN,4.765,NaN,3.433,3.6,3.443,3.669,4.315,5.369,6.64,10.579,17.405,17.405,20.518,NaN,NaN,0,0,NaN,0,0,0
NaN,NaN,0,NaN,NaN,9.456,10.62,12.531,13.351,14.067,13.351,12.94,13.351,14.067,13.075,12.87,13.075,11.313,10.217,9.899,9.125,8.991,8.991,10.211,10.06,10.06,10.211,10.494,10.804,10.804,10.922,10.582,10.752,10.582,10.582,10.159,10.265,10.265,10.265,9.734,9.524,9.734,9.421,9.554,9.499,9.089,6.911,6.911,5.827,5.399,5.008,2.826,NaN,NaN,NaN,NaN,NaN,NaN,NaN,NaN,NaN,NaN,7.795,8.006,8.927,9.93,9.93,11.865,11.865,11.829,10.398,11.202,11.202,11.32,11.173,11.32,11.2,11.224,11.224,11.2,10.819,10.819,10.819,9.998,9.649,8.92,8.818,8.479,8.201,8.032,8.032,8.032,8.302,7.945,7.285,7.462,7.118,7.704,8.075,9.817,8.7,8.749,7.279,6.467,7.279,6.763,6.268,4.765,NaN,4.463,3.443,3.669,3.6,4.893,5.539,7.141,11.853,16.933,19.491,20.518,NaN,NaN,0,0,NaN,0,0,0
NaN,NaN,0,NaN,8.518,10.022,12.531,12.867,13.351,14.067,14.004,13.095,14.067,14.431,13.752,13.324,13.075,11.955,11.313,11.01,10.665,10.523,10.211,10.379,10.313,10.211,10.313,10.313,10.251,10.251,12.501,11.152,10.697,10.328,10.697,10.265,10.265,9.829,10.265,9.734,9.524,9.499,9.499,9.089,8.578,8.279,6.805,6.338,4.492,3.378,NaN,NaN,NaN,NaN,NaN,NaN,NaN,NaN,NaN,NaN,NaN,4.379,7.795,8.006,8.138,8.927,10.868,10.989,10.989,11.004,10.376,10.513,11.095,11.095,10.828,11.095,11.2,11.2,11.224,10.655,11.731,11.807,10.89,10.655,9.649,8.92,8.919,8.479,8.15,8.91,8.91,8.302,8.032,7.525,7.497,7.118,7.242,7.336,8.051,8.051,8.075,7.895,7.895,7.403,7.384,6.467,5.518,5.518,4.463,4.463,3.6,3.986,4.677,4.893,5.875,7.803,10.579,12.187,18.451,20.518,NaN,NaN,0,0,NaN,0,0,0
NaN,NaN,0,NaN,9.456,11.041,12.068,12.579,13.364,14.004,13.364,14.067,14.067,13.752,13.25,13.67,13.075,12.742,11.01,11.149,11.01,10.665,10.379,10.379,10.313,10.06,10.06,10.06,9.807,10.804,10.752,10.752,10.677,10.697,10.328,10.265,9.736,10.265,9.524,9.45,9.45,9.499,9.421,8.578,8.279,7.286,NaN,NaN,NaN,NaN,NaN,NaN,NaN,NaN,NaN,NaN,NaN,NaN,NaN,NaN,NaN,NaN,NaN,8.072,8.138,8.606,9.93,10.868,10.868,10.868,10.77,10.513,10.77,10.828,10.828,11.173,11.921,11.525,11.731,11.807,12.097,11.722,11.102,10.819,10.294,8.839,8.839,8.479,8.777,8.919,9.155,8.82,8.302,8.302,7.525,7.118,7.039,7.118,7.616,7.895,8.051,7.895,7.616,7.167,7.167,6.467,5.292,4.572,4.463,4.463,3.986,4.107,4.677,NaN,5.875,7.803,11.723,12.407,18.451,15.739,NaN,NaN,0,0,NaN,0,0,0
NaN,NaN,0,NaN,9.456,11.041,12.579,13.364,13.671,13.364,13.364,13.615,14.462,14.431,13.752,13.841,13.67,13.616,11.573,11.512,11.01,10.041,10.523,10.313,10.06,10.041,9.989,9.807,9.562,10.804,10.466,10.677,10.697,10.752,9.736,10.677,9.251,9.45,9.442,9.45,8.564,8.578,8.232,7.521,7.316,6.83,NaN,NaN,NaN,NaN,NaN,NaN,NaN,NaN,NaN,NaN,NaN,NaN,NaN,NaN,NaN,NaN,NaN,8.138,8.138,8.606,10.73,10.989,10.154,10.77,11.004,10.376,10.376,10.828,11.247,11.095,11.473,11.525,11.731,11.525,11.031,2.278,11.12,11.033,9.998,9.649,8.839,8.839,8.15,8.777,8.91,8.91,8.91,8.82,7.497,7.242,7.011,7.118,7.616,8.051,8.051,7.616,7.895,7.895,7.167,6.268,4.24,4.133,4.133,NaN,4.107,NaN,4.625,5.539,7.141,8.072,9.157,11.723,12.407,NaN,NaN,NaN,0,0,NaN,0,0,0
NaN,NaN,0,NaN,NaN,11.041,12.579,13.364,13.671,13.364,13.615,14.431,14.767,14.462,13.841,13.752,13.841,13.67,11.973,11.085,10.523,9.846,9.347,9.347,9.989,9.989,10.313,9.644,9.807,11.329,10.466,10.466,10.697,10.772,9.743,9.743,9.43,8.366,8.564,9.442,8.482,7.74,7.521,7.286,NaN,NaN,NaN,NaN,NaN,NaN,NaN,NaN,NaN,NaN,NaN,NaN,NaN,NaN,NaN,NaN,NaN,NaN,NaN,8.606,8.138,8.989,9.736,10.868,10.868,10.868,11.004,10.376,9.894,10.828,11.095,11.473,11.525,11.525,11.413,11.031,11.413,11.581,11.12,11.033,10.384,9.998,9.713,9.713,8.777,10.29,9.768,9.768,9.413,8.921,7.525,7.242,7.118,7.011,7.616,8.051,8.051,8.033,7.895,7.127,6.891,5.292,4.133,4.089,3.925,3.925,4.107,3.986,4.107,5.626,6.915,7.633,8.27,9.9,9.9,NaN,NaN,NaN,0,0,NaN,0,0,0
NaN,NaN,0,NaN,8.107,10.422,12.94,13.28,13.746,14.839,15.666,15.584,15.584,14.767,13.841,13.677,13.801,11.973,11.973,11.085,10.448,9.32,9.32,9.32,9.842,9.258,9.644,9.807,9.807,10.466,11.329,10.466,10.677,10.018,9.743,9.43,9.43,9.317,8.701,8.564,8.232,7.521,6.83,5.747,3.461,NaN,NaN,NaN,NaN,NaN,NaN,NaN,NaN,NaN,NaN,NaN,NaN,NaN,NaN,NaN,NaN,NaN,NaN,NaN,7.411,8.138,8.989,10.116,10.116,10.921,10.77,10.09,8.78,10.77,11.473,11.511,11.511,11.525,11.525,11.511,11.031,10.948,11.033,11.033,10.294,10.294,10.144,10.29,9.713,10.29,10.656,10.517,10.517,9.319,8.82,7.528,7.343,7.343,7.741,7.741,7.895,7.895,7.741,6.891,NaN,4.179,NaN,3.943,3.925,3.749,4.107,4.036,4.92,5.742,6.915,7.865,8.072,8.072,8.072,NaN,NaN,NaN,0,0,NaN,0,0,0
NaN,NaN,0,NaN,8.185,10.422,12.25,13.746,14.194,15.845,16.13,16.13,15.584,16.019,14.605,13.841,13.677,13.677,11.973,10.611,10.2,10.05,9.539,9.32,9.842,9.842,9.932,10.713,10.984,11.178,10.466,10.365,10.677,10.365,9.743,9.743,9.394,9.317,9.394,8.232,8.078,6.899,6.434,4.491,NaN,NaN,NaN,NaN,NaN,NaN,NaN,NaN,NaN,NaN,NaN,NaN,NaN,NaN,NaN,NaN,NaN,NaN,NaN,NaN,5.868,7.258,7.724,8.989,9.385,10.116,9.894,9.894,9.464,10.09,10.908,11.473,11.511,11.511,11.413,10.948,11.031,10.948,10.384,11.031,10.384,10.144,10.294,10.144,10.113,10.25,10.903,10.517,10.517,10.517,9.291,7.791,7.52,7.52,7.343,7.343,8.812,7.741,6.403,5.845,5.452,5.116,4.107,4.133,3.925,4.036,4.036,NaN,4.625,6.801,6.915,7.105,7.105,8.844,8.072,NaN,NaN,NaN,0,0,NaN,0,0,0
NaN,NaN,0,NaN,6.888,8.635,11.449,13.896,14.839,15.666,16.464,16.237,15.666,15.941,14.605,13.801,13.801,13.509,11.36,10.611,10.448,10.05,10.2,9.932,9.842,9.842,10.713,10.984,10.984,10.984,11.178,10.365,10.365,9.297,9.43,9.43,9.317,9.317,9.43,8.078,7.253,6.849,6.434,4.491,NaN,NaN,NaN,NaN,NaN,NaN,NaN,NaN,NaN,NaN,NaN,NaN,NaN,NaN,NaN,NaN,NaN,NaN,NaN,NaN,5.691,6.349,7.255,7.629,9.385,9.894,9.259,9.419,9.894,10.09,10.908,11.247,10.908,10.701,10.948,10.948,10.948,11.031,10.512,10.384,10.384,9.816,10.113,10.903,10.716,10.517,10.517,10.942,10.517,10.517,8.934,8.658,7.791,7.52,7.343,7.343,6.403,6.253,6.133,5.845,5.221,4.936,4.641,4.936,4.133,4.036,4.325,NaN,5.626,6.801,7.088,7.831,7.865,8.072,NaN,NaN,NaN,NaN,0,0,NaN,0,0,0
NaN,NaN,0,3.931,6.888,8.635,12.25,14.426,15.666,16.13,16.464,16.237,15.56,15.149,15.405,13.095,13.677,13.05,11.36,10.611,10.505,10.2,10.611,9.932,9.932,9.842,10.713,9.932,10.713,11.178,10.255,9.277,9.846,7.47,7.945,9.394,9.046,7.959,9.046,8.886,7.546,6.899,6.628,5.786,NaN,NaN,NaN,NaN,NaN,NaN,NaN,NaN,NaN,NaN,NaN,NaN,NaN,NaN,NaN,NaN,NaN,NaN,NaN,NaN,5.527,6.349,7.081,7.629,7.751,8.589,9.419,9.464,10.369,10.369,10.37,10.908,10.913,10.908,9.942,10.701,11.581,11.173,9.671,9.765,10.384,9.765,9.765,10.144,10.333,10.333,10.716,10.431,10.25,10.197,9.668,8.934,7.52,6.538,6.538,6.403,6.38,6.086,5.407,5.407,5.15,5.116,4.641,4.226,4.036,3.9,4.475,5.607,5.192,6.71,7.088,7.831,8.835,NaN,NaN,NaN,NaN,NaN,0,0,NaN,0,0,0
NaN,NaN,0,NaN,NaN,8.185,11.449,13.853,16.54,16.54,16.237,15.56,15.186,15.149,14.605,13.095,13.095,13.034,11.36,11.212,10.936,11.212,10.2,11.212,9.842,9.932,8.404,8.404,10.109,10.255,10.255,9.277,9.328,7.78,7.945,8.315,7.959,7.959,7.959,7.959,7.959,7.13,6.849,5.786,4.883,NaN,NaN,NaN,NaN,NaN,NaN,NaN,NaN,NaN,NaN,NaN,NaN,NaN,NaN,NaN,NaN,NaN,NaN,NaN,5.442,5.527,6.798,7.35,7.544,8.589,9.259,9.464,9.803,10.37,10.37,10.37,10.369,10.701,11.239,11.239,11.173,10.785,10.414,9.765,10.107,9.781,10.113,10.348,10.25,10.113,10.333,10.197,10.055,9.291,9.668,8.934,8.934,6.458,6.417,6.253,5.949,5.731,5.407,5.226,4.754,4.232,4.232,4.226,NaN,3.9,4.384,4.595,5.607,6.801,7.831,8.835,8.835,NaN,NaN,NaN,NaN,NaN,0,0,NaN,0,0,0
NaN,NaN,0,NaN,6.888,9.91,12.25,15.092,16.54,17.911,15.854,15.405,14.391,14.331,13.557,13.249,13.05,13.095,12.174,11.36,10.743,10.743,11.4,11.212,8.329,8.329,8.329,8.301,8.301,9.846,9.334,9.277,8.715,8.715,7.78,7.945,7.78,8.886,7.959,7.544,7.544,7.544,6.849,6.434,5.645,3.57,NaN,NaN,NaN,NaN,NaN,NaN,NaN,NaN,NaN,NaN,NaN,NaN,NaN,NaN,NaN,NaN,NaN,NaN,NaN,5.023,6.349,6.798,7.056,7.544,8.898,9.546,9.464,9.803,9.774,9.561,9.561,10.701,11.239,10.701,11.173,10.785,10.785,10.414,10.107,10.107,11.341,10.716,10.716,10.333,10.431,10.055,9.983,8.565,9.983,7.581,7.518,6.425,6.38,6.182,5.407,NaN,4.754,4.641,4.437,4.232,3.757,3.757,3.379,3.757,4.384,4.975,5.679,6.563,NaN,8.835,NaN,NaN,NaN,NaN,NaN,NaN,0,0,NaN,0,0,0
NaN,NaN,0,NaN,6.888,7.269,12.319,16.155,17.911,16.155,15.149,15.56,15.186,13.557,13.383,14.541,13.579,13.249,12.174,11.4,10.936,11.212,9.698,8.59,8.281,8.281,8.281,8.301,8.301,9.19,9.19,9.277,9.024,8.715,8.464,8.045,7.959,8.315,8.886,7.544,8.617,7.544,7.371,6.693,6.301,5.645,NaN,NaN,NaN,NaN,NaN,NaN,NaN,NaN,NaN,NaN,NaN,NaN,NaN,NaN,NaN,NaN,NaN,NaN,NaN,4.89,5.023,6.627,7.056,7.544,8.589,8.898,9.598,9.546,9.803,9.274,9.274,9.376,11.239,11.239,10.9,10.641,10.512,10.512,10.512,11.341,11.631,11.631,11.341,10.561,10.348,10.431,9.983,8.15,7.728,7.581,6.458,6.417,5.921,5.168,5.136,4.931,4.437,NaN,4.232,3.757,4.226,3.454,3.454,4.383,4.975,5.6,6.271,6.355,8.236,8.835,17.714,NaN,NaN,NaN,NaN,NaN,0,0,NaN,0,0,0
NaN,NaN,0,NaN,NaN,7.269,12.319,15.092,16.155,15.981,15.186,15.854,14.56,14.07,14.07,14.541,14.423,13.952,13.952,11.414,10.88,9.855,9.598,8.281,8.331,8.281,8.418,8.418,8.519,9.19,9.19,9.19,9.19,9.024,8.816,8.315,8.315,8.315,8.388,7.959,8.662,8.585,8.271,7.13,6.9,5.786,NaN,NaN,NaN,NaN,NaN,NaN,NaN,NaN,NaN,NaN,NaN,NaN,NaN,NaN,NaN,NaN,NaN,NaN,NaN,4.688,4.89,5.064,6.962,6.699,6.962,8.715,9.274,7.806,9.055,8.559,9.212,9.258,11.239,11.239,10.9,10.9,10.107,10.641,10.828,11.734,11.631,11.631,11.631,11.631,10.422,10.055,8.389,8.229,8.072,7.728,6.458,6.182,5.737,5.076,4.683,4.378,3.135,NaN,3.372,3.748,NaN,NaN,3.757,4.312,5.446,5.679,6.071,6.355,8.236,NaN,NaN,NaN,NaN,NaN,NaN,NaN,0,0,NaN,0,0,0
NaN,NaN,0,NaN,6.23,7.252,12.751,14.856,16.44,16.155,16.155,15.907,15.683,14.541,14.541,14.07,14.423,14.423,14.423,12.174,11.414,10.293,8.57,8.331,8.519,8.764,8.764,8.717,8.786,8.717,8.717,8.717,8.816,8.715,8.715,8.464,8.464,8.914,9.2,9.2,9.2,8.617,8.617,8.558,8.271,7.21,6.612,NaN,NaN,NaN,NaN,NaN,NaN,NaN,NaN,NaN,NaN,NaN,NaN,NaN,NaN,NaN,NaN,NaN,NaN,4.676,5.006,5.023,6.347,6.962,7.056,7.056,6.794,9.055,9.055,8.559,8.793,9.212,9.212,11.239,10.785,10.9,9.591,10.641,11.005,12.014,12.014,12.014,11.731,11.631,10.577,10.422,9.951,8.229,8.15,7.977,7.977,6.182,5.168,4.947,4.521,NaN,3.037,3.115,3.372,3.485,3.757,4.839,4.839,5.446,5.679,6.071,6.271,7.703,8.236,NaN,NaN,NaN,NaN,NaN,NaN,NaN,0,0,NaN,0,0,0
NaN,NaN,0,NaN,NaN,7.218,8.533,14.856,17.248,17.248,16.786,16.44,16.44,15.683,15.245,14.986,14.986,14.541,14.423,13.952,11.414,9.855,8.59,8.57,8.519,8.519,8.764,8.764,8.71,8.333,8.333,8.712,8.464,8.464,8.712,8.464,8.464,10.8,9.969,10.277,9.542,8.914,8.662,8.662,8.271,8.023,7.21,5.343,NaN,NaN,NaN,NaN,NaN,NaN,NaN,NaN,NaN,NaN,NaN,NaN,NaN,NaN,NaN,NaN,NaN,4.688,4.898,5.064,5.641,6.699,6.794,8.715,7.909,8.758,8.157,9.067,9.042,9.212,9.042,9.23,9.591,10.064,10.064,9.837,10.519,11.731,11.731,11.731,11.634,11.976,11.4,10.577,10.422,9.498,8.348,8.072,7.629,6.055,5.168,4.683,4.521,3.115,3.115,3.115,3.748,3.832,4.839,6.015,4.854,5.81,6.028,6.418,6.418,7.703,NaN,NaN,NaN,NaN,NaN,NaN,NaN,NaN,0,0,NaN,0,0,0
NaN,NaN,0,NaN,NaN,7.218,7.252,13.61,16.568,17.248,17.87,16.852,16.568,15.907,15.342,15.245,15.245,14.986,14.986,13.978,11.488,10.293,8.798,8.764,8.052,8.519,8.71,8.717,8.592,7.964,7.904,7.964,7.68,8.333,8.155,8.155,8.392,9.436,9.969,9.969,9.542,9.542,9.2,8.845,8.558,8.271,7.533,5.343,NaN,NaN,NaN,NaN,NaN,NaN,NaN,NaN,NaN,NaN,NaN,NaN,NaN,NaN,NaN,NaN,3.805,4.898,4.898,5.156,5.38,NaN,7.348,8.157,8.219,8.758,8.758,8.758,8.793,9.008,8.793,9.008,9.008,9.444,9.444,9.581,9.833,9.833,11.634,11.976,11.67,10.616,10.616,10.616,10.422,9.765,8.348,8.348,7.977,7.331,5.494,4.947,4.683,3.611,NaN,NaN,3.832,4.95,5.793,6.372,5.912,6.015,6.418,6.418,7.703,7.703,NaN,NaN,NaN,NaN,NaN,NaN,NaN,NaN,0,0,NaN,0,0,0
NaN,NaN,0,NaN,NaN,5.828,7.475,10.937,14.538,16.568,16.852,16.852,16.786,16.044,16.044,15.245,15.325,14.986,13.978,13.896,13.299,11.218,9.971,8.764,8.052,8.052,7.266,7.783,7.904,7.783,7.783,7.783,7.246,7.2,7.68,7.2,8.155,9.06,10.277,9.593,9.593,10.019,10.277,10.019,9.428,8.558,8.47,6.878,4.93,NaN,NaN,NaN,NaN,NaN,NaN,NaN,NaN,NaN,NaN,NaN,NaN,NaN,NaN,4.554,4.532,4.554,NaN,4.898,5.641,5.641,6.756,7.909,8.219,8.157,8.219,8.409,8.679,8.491,8.679,8.491,8.679,8.402,9.004,9.256,9.422,9.833,10.2,11.67,11.67,11.634,11.4,11.4,10.422,9.765,9.765,9.498,8.348,8.325,7.331,5.737,4.774,4.683,4.044,4.924,5.793,5.885,6.879,6.879,6.372,6.415,6.8,7.703,8.733,8.733,NaN,NaN,NaN,NaN,NaN,NaN,NaN,NaN,0,0,NaN,0,0,0
NaN,NaN,0,NaN,NaN,5.828,6.394,8.533,13.61,14.236,16.342,16.568,16.786,16.852,16.852,15.653,15.342,15.342,15.097,13.978,13.299,11.329,10.805,9.221,8.764,8.159,7.266,7.203,7.196,7.196,7.68,7.68,7.165,7.165,7.574,7.574,7.979,9.388,9.593,9.593,9.593,10.019,9.593,9.02,10.288,10.265,8.955,7.533,5.897,NaN,NaN,NaN,NaN,NaN,NaN,NaN,NaN,NaN,NaN,NaN,NaN,6.479,6.296,5.439,5.439,5.156,5.641,4.894,NaN,5.494,6.516,7.038,7.348,7.909,8.219,8.491,8.491,7.929,8.211,8.491,8.679,8.995,8.407,8.407,8.426,9.422,10.024,10.469,11.634,10.2,11.4,10.436,11.4,10.892,10.892,10.239,10.239,8.761,7.331,6.641,5.899,5.885,5.593,5.611,5.793,6.374,6.916,6.879,6.507,6.879,6.415,6.415,6.415,NaN,NaN,NaN,NaN,NaN,NaN,NaN,NaN,NaN,0,0,NaN,0,0,0
NaN,3.373,0,NaN,NaN,NaN,6.394,7.703,10.937,13.632,14.371,16.044,16.852,16.875,16.875,16.044,15.723,15.391,15.097,15.097,13.517,12.151,10.832,9.499,8.971,8.142,7.212,7.212,7.212,7.203,7.165,7.165,7.246,7.165,7.2,7.246,7.574,8.155,9.06,9.436,8.845,9.06,8.543,8.845,9.428,10.265,8.47,8.909,6.878,NaN,NaN,NaN,NaN,NaN,NaN,NaN,NaN,NaN,NaN,6.479,8.311,8.311,7.786,6.365,6.148,5.762,5.762,5.641,5.494,5.562,5.562,6.516,6.9,7.038,7.023,8.409,8.409,8.211,8.211,8.211,7.814,8.407,9.004,8.407,8.426,9.171,9.789,9.432,10.024,10.024,10.469,10.215,11.179,11.121,11.121,10.436,10.239,8.903,8.761,8.229,6.13,6.074,5.611,5.611,6.13,6.507,6.916,6.8,6.8,6.372,6.165,6.165,10.899,NaN,NaN,NaN,NaN,NaN,NaN,NaN,NaN,NaN,0,0,NaN,0,0,0
NaN,3.791,0,NaN,NaN,NaN,5.476,6.394,10.645,12.683,14.103,16.044,16.666,17.636,17.542,17.935,15.522,15.391,14.945,14.432,13.197,12.151,11.012,10.805,9.499,8.159,7.994,7.746,7.774,7.774,7.68,6.988,6.988,6.988,6.587,6.974,7.574,7.628,8.294,8.294,8.288,8.845,9.02,8.543,10.265,9.428,8.909,7.754,6.878,NaN,NaN,NaN,NaN,NaN,NaN,NaN,NaN,6.314,6.479,8.417,8.537,8.311,7.279,7.189,6.843,6.188,6.148,5.762,5.494,5.562,5.494,5.704,5.791,6.857,6.516,7.023,7.023,7.51,7.51,8.211,7.814,8.867,8.407,8.407,8.582,8.582,9.422,9.394,9.432,9.722,9.722,10.176,10.216,10.892,10.216,10.216,10.357,9.501,8.903,8.595,8.229,6.641,6.374,6.13,6.374,6.415,6.916,6.507,6.507,NaN,6.165,6.165,NaN,NaN,NaN,NaN,NaN,NaN,NaN,NaN,NaN,NaN,0,0,NaN,0,0,0
NaN,NaN,0,NaN,NaN,NaN,NaN,7.475,7.858,11.825,12.836,15.283,17.542,17.636,17.935,17.935,17.035,15.522,14.945,13.418,13.223,12.013,10.832,10.66,9.967,9.035,8.159,7.903,7.903,7.994,7.165,6.988,7.246,7.246,6.524,6.587,7.574,6.718,8.288,7.995,7.766,7.702,8.543,8.817,9.02,9.02,8.909,7.754,5.921,NaN,NaN,NaN,NaN,NaN,NaN,NaN,6.314,8.43,8.417,9.264,8.537,8.417,7.661,7.222,6.848,6.843,6.297,6.184,6.184,5.791,5.704,5.388,5.791,6.085,6.25,6.25,7.502,7.217,7.343,7.814,8.867,8.867,7.438,8.867,8.582,8.426,8.426,8.72,8.582,9.101,9.722,10.055,10.191,10.216,10.216,9.712,9.501,9.035,8.903,8.678,8.229,7.273,7,6.415,6.726,6.796,6.796,7.609,6.507,6.507,6.142,NaN,NaN,NaN,NaN,NaN,NaN,NaN,NaN,NaN,NaN,NaN,0,0,NaN,0,0,0
NaN,NaN,0,NaN,NaN,NaN,NaN,4.91,7.703,10.645,12.683,16.342,16.666,17.636,17.935,17.636,17.035,16.495,15.984,15.391,13.239,12.239,11.844,10.832,9.967,9.565,9.035,9.035,7.994,9.035,9.557,9.557,7.633,6.988,6.947,6.947,7.623,7.623,7.766,7.995,7.905,7.995,8.543,7.995,8.817,8.909,8.909,7.958,5.921,5.682,NaN,NaN,NaN,NaN,NaN,5.793,8.43,9.259,9.259,9.264,9.369,8.417,8.078,7.22,7.141,7.061,7.141,6.297,6.282,6.212,6.184,5.704,5.791,6.229,6.25,6.353,7.217,7.217,6.918,7.814,8.666,8.867,7.814,7.814,8.557,8.557,8.246,8.277,8.277,8.958,9.101,9.712,9.712,9.846,9.507,9.035,9.035,8.903,8.413,8.678,8.014,7.49,7.222,7.248,7.273,7.49,7.719,7.978,6.142,8.675,NaN,NaN,NaN,NaN,NaN,NaN,NaN,NaN,NaN,NaN,NaN,NaN,0,0,NaN,0,0,0
NaN,NaN,0,2.32,NaN,NaN,NaN,NaN,7.703,8.951,12.683,15.283,15.874,16.605,17.224,17.035,16.763,16.763,17.035,15.704,14.393,13.237,12.151,11.28,11.139,10.452,9.035,9.127,9.127,9.569,9.641,9.641,8.653,7.824,6.988,6.947,7.623,8.294,8.865,8.865,8.865,9.542,8.817,8.834,8.817,8.909,8.708,8.357,5.814,5.682,NaN,NaN,NaN,NaN,5.26,7.877,8.565,9.32,9.474,9.938,9.474,8.417,7.661,7.341,7.222,8.817,7.388,7.388,7.275,6.413,6.368,6.368,6.229,5.68,6.227,6.25,6.563,6.918,7.217,7.217,7.343,7.438,8.183,8.183,7.401,7.401,7.522,8.246,8.246,8.72,8.749,8.958,9.101,8.944,8.446,8.944,8.658,8.446,8.446,8.413,8.014,7.48,7.273,7.49,7.978,8.449,8.675,7.719,9.487,NaN,NaN,NaN,NaN,NaN,NaN,NaN,NaN,NaN,NaN,NaN,NaN,NaN,0,0,NaN,0,0,0
NaN,NaN,0,NaN,NaN,NaN,NaN,NaN,6.442,8.951,10.817,12.201,15.283,15.807,15.984,17.224,17.224,17.798,17.798,16.763,14.393,13.87,13.237,11.923,11.637,11.28,10.452,10.452,10.452,10.452,10.082,10.614,10.3,9.276,9.276,9.276,9.124,9.411,9.411,10.317,9.622,10.2,8.91,10.2,9.622,8.955,8.817,8.708,7.958,5.682,4.101,NaN,NaN,7.254,7.254,7.877,8.565,9.516,9.938,9.516,9.516,8.578,8.078,7.341,8.882,8.859,8.817,8.247,7.811,NaN,6.235,6.368,6.229,6.229,6.229,7.502,6.353,6.227,6.918,6.918,6.45,7.401,8.183,7.438,7.241,6.902,7.22,7.024,7.22,7.6,8.18,8.192,8.192,7.658,7.337,8.192,8.446,8.014,8.014,7.669,7.48,7.763,7.763,7.763,7.978,8.675,8.675,8.675,9.487,NaN,NaN,NaN,NaN,NaN,NaN,NaN,NaN,NaN,NaN,NaN,NaN,NaN,0,0,NaN,0,0,0
NaN,NaN,0,NaN,NaN,NaN,NaN,NaN,NaN,6.442,8.996,11.871,13.928,14.044,15.306,17.677,17.798,17.994,18.314,17.798,15.704,14.096,13.732,12.547,11.993,11.843,11.637,10.452,10.614,11.35,11.203,10.776,10.614,10.257,9.698,9.553,9.508,10.317,11.376,10.779,10.66,10.2,10.2,9.622,10.2,8.955,8.955,8.357,8.357,5.532,NaN,NaN,NaN,7.435,7.877,7.877,8.565,8.565,9.259,9.259,8.709,8.709,7.661,7.841,8.882,8.991,8.817,8.817,8.247,7.811,6.413,6.413,6.358,6.176,6.563,7.577,7.75,6.742,7.152,6.45,7.152,7.438,7.438,7.401,7.22,6.902,6.902,6.902,6.776,6.917,7.615,6.917,6.898,6.939,7.337,7.834,7.337,7.337,7.669,7.313,7.222,7.669,7.874,7.914,8.406,9.387,8.449,8.675,7.824,NaN,NaN,NaN,NaN,NaN,NaN,NaN,NaN,NaN,NaN,NaN,NaN,NaN,0,0,NaN,0,0,0
NaN,NaN,0,NaN,NaN,NaN,NaN,NaN,NaN,NaN,7.312,8.996,12.404,13.544,15.166,17.677,17.994,19.441,18.314,16.593,15.704,14.096,13.732,13.2,11.993,11.822,11.822,11.637,11.35,11.636,11.203,10.825,10.614,9.828,9.828,10.241,9.773,11.286,11.376,10.66,10.317,10.317,10.2,10.2,10.453,9.853,8.991,8.357,7.958,7.201,NaN,7.254,7.833,7.833,8.095,7.457,7.932,7.95,8.924,7.95,8.709,8.709,8.578,7.798,8.991,8.991,8.991,9.324,8.817,8.426,8.426,8.317,6.678,7.75,8.391,8.382,7.799,8.382,7.152,6.742,7.152,7.997,7.997,7.51,7.241,6.902,6.902,6.902,6.776,7.024,6.779,6.779,6.891,7.658,7.147,7.147,6.945,7.151,7.669,7.151,7.669,8.274,8.274,8.134,8.449,8.449,7.914,7.43,NaN,NaN,NaN,NaN,NaN,NaN,NaN,NaN,NaN,NaN,NaN,NaN,NaN,NaN,0,0,NaN,0,0,0
NaN,NaN,0,NaN,NaN,NaN,NaN,NaN,NaN,NaN,NaN,8.627,8.922,12.201,13.544,17.798,17.798,18.497,17.798,16.665,14.368,13.87,13.557,13.2,12.201,11.993,11.843,12.05,12.05,11.758,11.705,11.203,10.825,10.301,9.828,9.773,10.241,10.846,11.286,10.117,10.227,10.227,10.593,10.593,10.593,10.453,8.991,8.711,8.347,7.849,7.65,8.347,8.859,8.095,7.877,8.859,8.924,8.607,8.607,8.709,8.578,8.578,7.655,7.841,8.578,8.242,8.991,9.39,9.39,9.179,9.113,8.704,8.317,7.959,8.464,8.382,8.382,8.391,7.463,6.89,7.152,7.997,7.997,7.51,6.902,6.745,6.634,6.745,6.897,6.968,6.897,6.779,6.917,7.147,7.147,6.912,6.912,6.912,7.669,7.357,7.874,8.274,8.406,8.406,9.037,8.134,8.134,7.427,7.43,NaN,NaN,NaN,NaN,NaN,NaN,NaN,NaN,NaN,NaN,NaN,NaN,NaN,0,0,NaN,0,0,0
NaN,NaN,0,NaN,NaN,NaN,NaN,NaN,NaN,NaN,NaN,NaN,7.312,8.922,12.404,15.722,16.887,17.677,17.798,16.757,14.368,14.096,13.856,13.557,13.2,12.751,12.71,12.751,12.137,11.806,11.705,11.705,11.203,10.241,9.828,10.24,10.24,10.24,10.317,10.317,10.117,10.227,10.117,10.593,10.593,9.853,8.711,8.529,8.347,8.347,8.347,8.905,9.271,9.342,9.342,9.414,8.726,8.649,8.607,8.709,8.436,8.436,7.655,7.291,7.016,7.841,9.198,9.429,9.429,9.39,9.113,8.887,8.426,8.608,8.608,8.608,8.382,8.464,7.799,7.795,7.973,7.997,8.178,7.997,6.745,6.745,6.968,6.902,6.968,7.127,6.968,6.917,7.3,6.912,6.779,6.891,6.891,6.912,7.669,7.684,9.033,10.036,9.037,9.387,8.134,7.914,7.43,NaN,NaN,NaN,NaN,NaN,NaN,NaN,NaN,NaN,NaN,NaN,NaN,NaN,NaN,NaN,0,0,NaN,0,0,0
NaN,NaN,0,NaN,NaN,NaN,NaN,NaN,NaN,NaN,NaN,NaN,NaN,6.277,8.922,9.973,14.746,15.722,16.665,16.593,14.368,14.368,14.089,13.856,13.55,13.825,13.188,13.017,12.71,12.71,12.521,12.521,10.919,10.384,10.241,10.241,10.24,10.718,10.746,10.718,10.227,10.117,9.563,9.516,10.593,10.593,8.529,7.958,8.529,8.53,9.342,9.584,9.584,9.584,9.342,9.414,9.062,8.726,8.785,8.726,8.726,8.409,7.655,7.291,7.016,7.798,8.991,9.39,9.429,9.267,8.801,9.113,8.887,8.608,8.464,8.608,8.464,8.464,7.973,8.486,8.178,8.178,8.02,8.309,7.081,7.081,7.403,7.081,7.3,7.127,7.3,7.127,7.615,6.912,6.912,7.783,6.912,6.687,7.357,9.033,10.388,10.036,9.037,8.414,7.881,7.453,NaN,NaN,NaN,NaN,NaN,NaN,NaN,NaN,NaN,NaN,NaN,NaN,NaN,NaN,NaN,NaN,0,0,NaN,0,0,0
NaN,NaN,0,NaN,NaN,NaN,NaN,NaN,NaN,NaN,NaN,NaN,NaN,NaN,8.627,8.593,9.44,12.495,13.589,13.589,14.089,14.407,14.407,14.089,15.183,14.466,13.963,13.963,13.57,13.017,12.798,13.049,11.705,12.521,11.389,10.919,10.746,10.846,11.778,11.778,10.718,10.593,10.593,9.516,9.59,9.236,8.711,8.53,8.711,9.752,9.752,10.015,10.015,9.591,9.414,9.271,9.414,8.924,8.924,8.785,8.785,8.436,7.369,7.291,7.658,8.151,8.505,9.198,9.198,8.82,8.505,8.317,8.296,8.464,8.608,8.464,8.382,7.937,7.937,8.508,8.02,8.02,8.02,8.721,7.657,7.321,6.968,7.403,7.306,7.306,7.127,7.306,7.769,7.892,7.892,7.879,6.912,7.783,10.201,10.201,10.201,10.083,9.183,7.881,7.515,7.43,NaN,NaN,NaN,NaN,NaN,NaN,NaN,NaN,NaN,NaN,NaN,NaN,NaN,NaN,NaN,NaN,0,0,NaN,0,0,0
NaN,NaN,0,NaN,NaN,NaN,NaN,NaN,NaN,NaN,NaN,NaN,NaN,NaN,5.609,6.277,9.007,9.007,9.44,13.24,13.415,13.674,14.089,14.289,15.183,15.307,14.466,14.09,14.09,13.57,13.57,13.57,13.419,12.521,13.049,12.059,11.778,11.961,11.961,11.873,11.945,11.961,10.741,9.59,9.516,9.236,9.59,10.418,10.082,10.055,10.055,10.082,10.015,9.831,9.591,9.591,9.528,9.528,8.785,9.062,8.785,10.055,8.409,8.151,8.151,8.151,8.505,9.172,8.82,8.255,8.255,8.255,8.296,8.296,8.888,8.888,9.36,8.888,7.973,8.508,8.508,8.565,8.508,8.721,8.02,8.721,7.553,7.657,7.535,7.553,7.655,7.801,8.118,8.121,8.403,8.121,10.037,12.661,12.858,11.596,10.201,9.754,9.183,7.453,6.989,6.139,NaN,NaN,NaN,NaN,NaN,NaN,NaN,NaN,NaN,NaN,NaN,NaN,NaN,NaN,NaN,NaN,0,0,NaN,0,0,0
NaN,NaN,0,NaN,NaN,NaN,NaN,NaN,NaN,NaN,NaN,NaN,NaN,NaN,NaN,NaN,NaN,8.258,9.007,9.44,10.838,13.24,13.415,14.089,14.407,15.183,15.374,15.374,14.521,13.57,13.419,13.57,13.57,13.891,13.891,13.652,13.115,12.814,12.814,11.961,12.248,12.248,11.945,10.639,10.729,10.729,10.887,10.943,10.9,10.082,10.055,10.055,10.069,10.069,10.069,9.591,9.591,9.414,9.528,9.528,9.841,10.383,9.793,9.793,8.151,9.674,9.172,9.172,8.801,8.255,8.099,7.73,8.255,8.888,8.888,8.192,8.888,8.888,9.06,8.565,8.963,8.721,8.565,8.721,9.027,9.276,7.917,7.917,7.917,8.062,7.917,8.416,9.245,10.724,11.469,12.876,13.814,13.276,12.898,12.858,9.754,9.237,8.197,6.139,NaN,NaN,NaN,NaN,NaN,NaN,NaN,NaN,NaN,NaN,NaN,NaN,NaN,NaN,NaN,NaN,NaN,NaN,0,0,NaN,0,0,0
NaN,NaN,0,NaN,NaN,NaN,NaN,NaN,NaN,NaN,NaN,NaN,NaN,NaN,NaN,NaN,NaN,8.258,7.326,7.462,9.007,10.838,11.469,13.634,13.825,14.466,13.825,14.466,14.09,13.596,13.57,13.419,13.178,13.178,13.891,14.209,14.008,13.115,12.814,12.268,12.528,12.27,12.248,11.742,12.27,12.349,11.393,11.393,10.887,11.037,10.418,10.156,10.015,10.156,10.156,10.84,9.841,10.84,10.757,10.565,10.565,10.383,10.324,10.169,9.674,9.806,9.172,9.674,8.801,8.801,7.73,7.73,7.678,9.503,8.192,8.888,7.937,8.192,8.565,8.963,8.565,8.721,8.963,9.027,9.027,9.019,9.279,9.276,9.276,9.421,11.039,11.469,11.856,12.539,13.814,14.818,15.986,15.337,12.876,11.891,9.183,8.197,7.515,NaN,NaN,NaN,NaN,NaN,NaN,NaN,NaN,NaN,NaN,NaN,NaN,NaN,NaN,NaN,NaN,NaN,NaN,NaN,0,0,NaN,0,0,0
NaN,NaN,0,NaN,NaN,NaN,NaN,NaN,NaN,NaN,NaN,NaN,NaN,NaN,NaN,NaN,NaN,NaN,NaN,NaN,7.326,7.462,10.253,11.055,11.055,11.469,13.595,13.595,13.53,13.53,12.763,12.763,12.284,13.419,13.891,13.652,14.006,14.006,13.037,12.853,12.268,12.27,12.27,12.349,12.27,12.172,11.554,11.393,11.037,10.273,10.273,10.015,11.292,10.156,11.413,10.866,10.866,10.861,10.861,10.757,10.757,10.565,11.347,11.347,11.347,10.169,10.169,10.088,9.806,9.268,9.268,9.038,8.255,9.877,9.877,9.655,9.775,9.06,8.565,9.06,9.863,9.72,9.558,10.816,9.72,9.642,9.642,10.191,10.612,11.34,11.856,12.539,13.98,15.529,16.454,16.454,15.986,15.529,12.858,9.754,8.197,7.764,6.139,NaN,NaN,NaN,NaN,NaN,NaN,NaN,NaN,NaN,NaN,NaN,NaN,NaN,NaN,NaN,NaN,NaN,NaN,NaN,0,0,NaN,0,0,0
NaN,NaN,0,NaN,NaN,NaN,NaN,NaN,NaN,NaN,NaN,NaN,NaN,NaN,NaN,NaN,NaN,NaN,NaN,NaN,5.417,NaN,NaN,6.828,9.076,9.076,10.365,11.24,11.375,11.478,11.683,11.851,11.851,12.059,12.953,14.006,13.652,13.652,13.115,13.037,12.025,12.025,12.248,12.349,12.025,11.742,11.037,10.569,10.273,9.668,10.006,10.156,10.006,10.156,11.292,10.861,10.861,11.081,10.757,10.749,10.565,10.757,10.565,11.347,10.864,10.864,11.534,11.534,10.369,10.448,11.076,11.076,10.586,10.586,10.43,10.363,10.39,10.39,10.336,10.336,10.761,10.816,10.816,10.988,10.988,10.988,11.744,11.755,11.755,12.832,13.251,15.017,16.573,16.454,16.573,16.573,15.537,14.15,11.891,7.764,7.419,5.419,NaN,NaN,NaN,NaN,NaN,NaN,NaN,NaN,NaN,NaN,NaN,NaN,NaN,NaN,NaN,NaN,NaN,NaN,NaN,NaN,0,0,NaN,0,0,0
NaN,NaN,0,NaN,NaN,NaN,NaN,NaN,NaN,NaN,NaN,NaN,NaN,NaN,NaN,NaN,NaN,NaN,NaN,NaN,NaN,NaN,NaN,5.473,5.948,6.828,8.278,9.165,10.119,10.27,10.27,10.27,11.257,11.257,11.257,12.739,13.037,12.853,12.268,11.429,11.374,11.374,11.374,11.248,10.951,10.569,10.069,8.925,9.608,8.984,8.984,9.497,9.497,8.984,9.927,10.397,10.749,11.29,10.923,10.757,11.081,11.937,11.937,10.864,10.329,10.864,10.864,11.534,11.534,11.534,11.298,11.076,10.987,11.298,11.21,11.21,11.21,11.577,11.253,11.172,11.172,11.172,11.172,11.718,11.849,13.297,13.723,13.167,13.167,13.984,16.778,17.466,17.618,16.778,16.573,15.537,14.15,11.891,8.93,5.419,NaN,3.941,NaN,NaN,NaN,NaN,NaN,NaN,NaN,NaN,NaN,NaN,NaN,NaN,NaN,NaN,NaN,NaN,NaN,NaN,NaN,NaN,0,0,2.349,0,0,0
NaN,NaN,0,NaN,NaN,NaN,NaN,NaN,NaN,NaN,NaN,NaN,NaN,NaN,NaN,NaN,NaN,NaN,NaN,NaN,NaN,NaN,NaN,NaN,NaN,NaN,6.063,9.076,8.454,9.205,9.647,9.647,9.738,9.647,9.738,9.738,10.201,11.206,11.206,11.206,11.322,11.248,10.704,8.714,8.714,8.527,8.266,7.941,7.325,7.325,7.325,7.325,7.97,7.925,7.97,8.164,9.927,10.749,10.923,10.923,12.056,11.172,11.937,10.864,10.864,10.329,10.864,11.534,11.534,11.735,11.735,11.268,11.076,11.268,11.268,11.577,11.577,11.987,12.775,12.695,11.718,12.713,13.166,13.773,14.433,14.733,14.433,13.984,13.984,19.436,17.657,17.618,17.618,17.257,15.529,14.78,9.759,9.277,5.503,NaN,NaN,NaN,NaN,NaN,NaN,NaN,NaN,NaN,NaN,NaN,NaN,NaN,NaN,NaN,NaN,NaN,NaN,NaN,NaN,NaN,NaN,NaN,0,0,NaN,0,0,0
NaN,NaN,0,NaN,NaN,NaN,NaN,NaN,NaN,NaN,NaN,NaN,NaN,NaN,NaN,NaN,NaN,NaN,NaN,NaN,NaN,NaN,NaN,NaN,NaN,NaN,NaN,6.063,NaN,NaN,7.119,7.119,7.119,6.856,9.459,8.155,7.128,8.377,8.155,7.351,7.351,7.961,7.961,7.961,7.301,6.196,6.492,5.047,5.047,5.047,6.205,6.736,6.602,6.602,6.736,6.749,8.164,9.278,10.923,11.172,11.172,12.158,11.972,10.864,9.792,9.544,10.17,10.864,11.435,11.534,11.943,11.404,11.435,11.404,11.298,11.268,11.362,11.987,12.775,12.713,14.575,14.283,13.773,14.733,16.07,15.646,16.07,16.478,16.478,17.657,17.466,16.743,17.257,15.537,14.15,11.907,9.277,NaN,NaN,NaN,NaN,NaN,NaN,NaN,NaN,NaN,NaN,NaN,NaN,NaN,NaN,NaN,NaN,NaN,NaN,NaN,NaN,NaN,NaN,NaN,NaN,NaN,0,0,NaN,0,0,0
NaN,NaN,0,NaN,NaN,NaN,NaN,NaN,NaN,NaN,NaN,NaN,NaN,NaN,NaN,NaN,NaN,NaN,NaN,NaN,NaN,NaN,NaN,NaN,NaN,NaN,NaN,NaN,NaN,6.063,6.508,5.694,5.694,6.006,6.006,6.285,6.285,6.285,6.542,6.898,6.898,6.898,6.196,4.732,4.672,NaN,NaN,4.231,NaN,NaN,NaN,NaN,NaN,NaN,5.931,5.98,6.602,7.914,10.277,10.923,12.211,12.354,11.172,9.862,9.612,9.544,9.792,11.534,10.387,10.844,11.404,11.298,11.435,11.298,11.404,11.268,11.643,12.775,13.177,14.806,14.974,14.575,14.283,15.033,16.625,16.761,16.761,17.513,17.502,17.502,15.986,15.017,14.936,13.269,12.998,9.759,6.638,NaN,NaN,NaN,NaN,NaN,NaN,NaN,NaN,NaN,NaN,NaN,NaN,NaN,NaN,NaN,NaN,NaN,NaN,NaN,NaN,NaN,NaN,NaN,NaN,NaN,0,0,NaN,0,0,0
NaN,NaN,0,NaN,NaN,NaN,NaN,NaN,NaN,NaN,NaN,NaN,NaN,NaN,NaN,NaN,NaN,NaN,NaN,NaN,NaN,NaN,NaN,NaN,NaN,NaN,NaN,NaN,NaN,NaN,NaN,NaN,4.105,4.576,4.666,5.694,4.782,NaN,5.743,4.782,4.732,NaN,NaN,NaN,NaN,NaN,NaN,NaN,NaN,NaN,NaN,NaN,NaN,NaN,NaN,5.223,NaN,7.914,8.758,10.923,10.933,12.211,12.211,12.211,10.476,10.17,9.792,10.387,11.435,11.943,11.562,11.435,12.042,11.643,11.268,11.643,12.926,13.463,14.399,14.974,14.974,14.974,14.974,16.625,17.198,17.483,17.513,17.502,17.513,15.986,14.936,14.676,13.423,12.998,9.83,NaN,NaN,NaN,NaN,NaN,NaN,NaN,NaN,NaN,NaN,NaN,NaN,NaN,NaN,NaN,NaN,NaN,NaN,NaN,NaN,NaN,NaN,NaN,NaN,NaN,NaN,NaN,0,0,NaN,0,0,0
NaN,NaN,0,NaN,NaN,NaN,NaN,NaN,NaN,NaN,NaN,2.295,NaN,NaN,NaN,NaN,NaN,NaN,NaN,NaN,NaN,NaN,NaN,NaN,NaN,NaN,NaN,NaN,NaN,NaN,NaN,NaN,NaN,NaN,NaN,NaN,NaN,NaN,3.74,NaN,NaN,NaN,NaN,NaN,NaN,NaN,NaN,NaN,NaN,NaN,NaN,NaN,NaN,NaN,NaN,NaN,5.118,5.118,7.914,8.758,10.059,10.125,12.193,11.145,12.387,12.387,12.387,12.387,12.486,11.943,11.943,12.042,12.174,12.174,12.042,12.295,12.775,13.177,14.806,15.127,14.283,14.806,15.432,16.743,17.198,17.513,17.483,16.761,17.483,14.676,13.269,13.234,12.998,9.83,6.638,NaN,NaN,NaN,NaN,NaN,NaN,NaN,NaN,NaN,NaN,NaN,NaN,NaN,NaN,NaN,NaN,NaN,NaN,NaN,NaN,NaN,NaN,NaN,NaN,NaN,NaN,NaN,0,0,NaN,0,0,0
NaN,NaN,0,NaN,NaN,NaN,NaN,NaN,NaN,NaN,NaN,NaN,NaN,NaN,NaN,NaN,NaN,NaN,NaN,NaN,NaN,NaN,NaN,NaN,NaN,NaN,NaN,NaN,NaN,NaN,NaN,NaN,NaN,NaN,NaN,NaN,NaN,NaN,NaN,NaN,NaN,NaN,NaN,NaN,NaN,NaN,NaN,NaN,NaN,NaN,NaN,NaN,NaN,NaN,NaN,NaN,NaN,NaN,NaN,7.362,8.758,9.364,10.125,10.476,12.193,12.387,12.482,12.61,12.61,12.029,12.042,12.042,12.449,12.449,12.433,12.295,12.926,13.819,14.669,14.616,14.806,14.283,15.432,16.625,16.85,16.988,16.988,16.625,13.234,12.78,12.754,9.83,9.101,NaN,2.912,NaN,NaN,NaN,NaN,NaN,NaN,NaN,NaN,NaN,NaN,NaN,NaN,NaN,NaN,NaN,NaN,NaN,NaN,NaN,NaN,NaN,NaN,NaN,NaN,NaN,NaN,NaN,0,0,NaN,0,0,0
NaN,NaN,0,NaN,NaN,NaN,NaN,NaN,NaN,NaN,NaN,NaN,NaN,NaN,2.39,NaN,NaN,NaN,NaN,NaN,NaN,NaN,NaN,NaN,NaN,NaN,NaN,NaN,NaN,NaN,NaN,NaN,NaN,NaN,NaN,NaN,NaN,NaN,NaN,NaN,NaN,NaN,NaN,NaN,NaN,NaN,NaN,NaN,NaN,NaN,NaN,NaN,NaN,NaN,NaN,NaN,NaN,NaN,NaN,5.118,7.362,8.758,9.364,10.059,10.699,12.193,12.486,12.486,12.394,12.029,12.042,12.042,12.174,12.449,12.773,12.433,13.093,14.399,15.37,15.432,14.904,14.616,14.616,16.441,16.441,16.625,15.249,12.882,12.754,9.101,8.96,8.96,NaN,NaN,NaN,NaN,NaN,NaN,NaN,NaN,NaN,NaN,NaN,NaN,NaN,NaN,NaN,NaN,NaN,NaN,NaN,NaN,NaN,NaN,NaN,NaN,NaN,NaN,NaN,NaN,NaN,NaN,0,0,NaN,0,0,0
NaN,NaN,0,NaN,NaN,NaN,NaN,NaN,NaN,NaN,NaN,NaN,NaN,NaN,NaN,NaN,NaN,NaN,NaN,NaN,NaN,NaN,NaN,NaN,NaN,NaN,NaN,NaN,NaN,NaN,NaN,NaN,NaN,NaN,NaN,NaN,NaN,NaN,NaN,NaN,NaN,NaN,NaN,NaN,NaN,NaN,NaN,NaN,NaN,NaN,NaN,NaN,NaN,NaN,NaN,NaN,NaN,NaN,NaN,NaN,NaN,6.182,7.897,8.181,9.179,12.176,12.323,12.323,12.323,12.394,12.486,12.042,12.174,12.433,12.433,12.773,13.551,14.931,15.37,15.432,15.432,14.904,14.616,15.032,15.032,13.109,12.882,12.732,8.96,8.818,5.721,4.078,NaN,NaN,NaN,NaN,NaN,NaN,NaN,NaN,NaN,NaN,NaN,NaN,NaN,NaN,NaN,NaN,NaN,NaN,NaN,NaN,NaN,NaN,NaN,NaN,NaN,NaN,NaN,NaN,NaN,NaN,0,0,NaN,0,0,0
NaN,NaN,0,NaN,NaN,NaN,NaN,NaN,NaN,NaN,NaN,NaN,NaN,NaN,NaN,NaN,NaN,NaN,NaN,NaN,NaN,NaN,NaN,NaN,NaN,NaN,NaN,NaN,NaN,NaN,NaN,NaN,NaN,NaN,NaN,NaN,NaN,NaN,NaN,NaN,NaN,NaN,NaN,NaN,NaN,NaN,NaN,NaN,NaN,NaN,NaN,NaN,NaN,NaN,NaN,NaN,NaN,NaN,NaN,NaN,NaN,NaN,7.128,7.128,7.897,8.862,10.699,12.323,12.176,12.394,12.029,12.495,12.495,12.758,13.093,13.093,13.819,15.988,16.074,16.266,16.074,15.988,13.109,13.109,11.928,11.644,11.644,8.928,8.818,4.544,NaN,NaN,NaN,NaN,NaN,NaN,NaN,NaN,NaN,NaN,NaN,NaN,NaN,NaN,NaN,NaN,NaN,NaN,NaN,NaN,NaN,NaN,NaN,NaN,NaN,NaN,NaN,NaN,NaN,NaN,NaN,NaN,0,0,NaN,0,0,0
NaN,NaN,0,NaN,NaN,NaN,NaN,NaN,NaN,3.386,NaN,NaN,NaN,NaN,NaN,NaN,NaN,NaN,NaN,NaN,NaN,NaN,NaN,NaN,NaN,NaN,NaN,NaN,NaN,NaN,NaN,NaN,NaN,NaN,NaN,NaN,NaN,NaN,NaN,NaN,NaN,NaN,NaN,NaN,NaN,NaN,NaN,NaN,NaN,NaN,NaN,NaN,NaN,NaN,NaN,NaN,NaN,NaN,NaN,NaN,NaN,NaN,3.379,5.052,NaN,8.181,10.469,10.772,11.882,12.029,12.029,12.495,12.495,13.093,12.758,13.093,14.55,15.96,15.988,16.074,16.266,14.904,12.216,10.749,10.189,9.434,10.189,8.818,NaN,NaN,NaN,NaN,NaN,NaN,NaN,NaN,NaN,NaN,NaN,NaN,NaN,NaN,NaN,NaN,NaN,NaN,NaN,NaN,NaN,NaN,NaN,NaN,NaN,NaN,NaN,NaN,NaN,NaN,NaN,NaN,NaN,NaN,0,0,NaN,0,0,0
NaN,NaN,0,NaN,NaN,NaN,NaN,NaN,NaN,NaN,NaN,NaN,NaN,NaN,NaN,NaN,NaN,NaN,NaN,NaN,NaN,NaN,NaN,NaN,NaN,NaN,NaN,NaN,NaN,NaN,NaN,NaN,NaN,NaN,NaN,NaN,NaN,NaN,NaN,NaN,NaN,NaN,NaN,NaN,NaN,NaN,NaN,NaN,NaN,NaN,NaN,NaN,NaN,NaN,NaN,NaN,NaN,NaN,NaN,NaN,NaN,NaN,NaN,NaN,NaN,6.617,8.553,8.853,10.469,10.772,11.668,11.668,11.76,12.495,12.703,12.703,13.307,14.786,14.55,14.786,13.307,11.086,10.156,9.434,7.929,NaN,NaN,NaN,NaN,NaN,NaN,NaN,NaN,NaN,NaN,NaN,NaN,NaN,NaN,NaN,NaN,NaN,NaN,NaN,NaN,NaN,NaN,NaN,NaN,NaN,NaN,NaN,NaN,NaN,NaN,NaN,NaN,NaN,NaN,NaN,NaN,NaN,0,0,NaN,0,0,0
NaN,NaN,0,NaN,NaN,NaN,NaN,NaN,NaN,NaN,NaN,NaN,NaN,NaN,NaN,NaN,NaN,NaN,NaN,NaN,NaN,NaN,NaN,NaN,NaN,NaN,NaN,NaN,NaN,NaN,NaN,NaN,NaN,NaN,NaN,NaN,NaN,NaN,NaN,NaN,NaN,NaN,NaN,NaN,NaN,NaN,NaN,NaN,NaN,NaN,NaN,NaN,NaN,NaN,NaN,NaN,NaN,NaN,NaN,NaN,NaN,NaN,NaN,NaN,NaN,NaN,NaN,7.934,7.934,10.263,10.263,10.323,10.451,10.574,11.195,11.76,12.729,11.377,11.086,11.086,8.826,8.093,7.929,7.929,5.378,NaN,NaN,NaN,NaN,NaN,NaN,NaN,NaN,NaN,NaN,NaN,NaN,NaN,NaN,NaN,NaN,NaN,NaN,NaN,NaN,NaN,NaN,NaN,NaN,NaN,NaN,NaN,NaN,NaN,NaN,NaN,NaN,NaN,NaN,NaN,NaN,NaN,0,0,NaN,0,0,0
NaN,NaN,0,NaN,NaN,NaN,NaN,NaN,NaN,NaN,NaN,NaN,NaN,NaN,NaN,NaN,NaN,NaN,NaN,NaN,NaN,NaN,NaN,NaN,NaN,NaN,NaN,NaN,NaN,NaN,NaN,NaN,NaN,NaN,NaN,NaN,NaN,NaN,NaN,NaN,NaN,NaN,NaN,NaN,NaN,NaN,NaN,NaN,NaN,NaN,NaN,NaN,NaN,NaN,NaN,NaN,NaN,NaN,NaN,NaN,NaN,NaN,NaN,NaN,NaN,NaN,NaN,NaN,6.712,7.36,7.934,8.017,9.087,9.528,10.028,10.043,10.043,10.028,7.841,7.841,7.565,5.539,5.378,NaN,NaN,NaN,NaN,NaN,NaN,NaN,NaN,NaN,NaN,NaN,NaN,NaN,NaN,NaN,NaN,NaN,NaN,NaN,NaN,NaN,NaN,NaN,NaN,NaN,NaN,NaN,NaN,NaN,NaN,NaN,NaN,NaN,NaN,NaN,NaN,NaN,NaN,NaN,0,0,NaN,0,0,0
NaN,NaN,0,NaN,NaN,NaN,NaN,NaN,NaN,NaN,NaN,NaN,NaN,NaN,NaN,NaN,NaN,NaN,NaN,NaN,NaN,NaN,NaN,NaN,NaN,NaN,NaN,NaN,NaN,NaN,NaN,NaN,NaN,NaN,NaN,NaN,NaN,NaN,NaN,NaN,NaN,NaN,NaN,NaN,NaN,NaN,NaN,NaN,NaN,NaN,NaN,NaN,NaN,NaN,NaN,NaN,NaN,NaN,NaN,NaN,NaN,NaN,NaN,NaN,NaN,NaN,NaN,NaN,NaN,4.224,4.224,6.42,7.36,7.767,7.767,7.767,7.565,5.878,5.539,5.539,3.995,NaN,NaN,NaN,NaN,NaN,NaN,NaN,NaN,NaN,NaN,NaN,NaN,NaN,NaN,NaN,NaN,NaN,NaN,NaN,NaN,NaN,NaN,NaN,NaN,NaN,NaN,NaN,NaN,NaN,NaN,NaN,NaN,NaN,NaN,NaN,NaN,NaN,NaN,NaN,NaN,NaN,0,0,NaN,0,0,0
NaN,NaN,0,NaN,NaN,NaN,NaN,NaN,NaN,NaN,NaN,NaN,NaN,NaN,NaN,NaN,NaN,NaN,NaN,NaN,NaN,NaN,NaN,NaN,NaN,NaN,NaN,NaN,NaN,NaN,NaN,NaN,NaN,NaN,NaN,NaN,NaN,NaN,NaN,NaN,NaN,NaN,NaN,NaN,NaN,NaN,NaN,NaN,NaN,NaN,NaN,NaN,NaN,NaN,NaN,NaN,NaN,NaN,NaN,NaN,NaN,NaN,NaN,NaN,NaN,NaN,NaN,NaN,NaN,NaN,NaN,NaN,3.978,5.544,5.544,NaN,NaN,NaN,3.299,NaN,NaN,NaN,NaN,NaN,NaN,NaN,NaN,NaN,NaN,NaN,NaN,NaN,NaN,NaN,NaN,NaN,NaN,NaN,NaN,NaN,NaN,NaN,NaN,NaN,NaN,NaN,NaN,NaN,NaN,NaN,NaN,NaN,NaN,NaN,NaN,NaN,NaN,NaN,NaN,NaN,NaN,NaN,0,0,NaN,0,0,0
NaN,NaN,0,NaN,NaN,NaN,NaN,NaN,NaN,NaN,NaN,NaN,NaN,NaN,NaN,NaN,NaN,NaN,NaN,NaN,NaN,NaN,NaN,NaN,NaN,NaN,NaN,NaN,NaN,NaN,NaN,NaN,NaN,NaN,NaN,NaN,NaN,NaN,NaN,NaN,NaN,NaN,NaN,NaN,NaN,NaN,NaN,NaN,NaN,NaN,NaN,NaN,NaN,NaN,NaN,NaN,NaN,NaN,NaN,NaN,NaN,NaN,NaN,NaN,NaN,NaN,NaN,NaN,NaN,NaN,NaN,NaN,NaN,NaN,NaN,NaN,NaN,NaN,NaN,NaN,NaN,NaN,NaN,NaN,NaN,NaN,NaN,NaN,NaN,NaN,NaN,NaN,NaN,NaN,NaN,NaN,NaN,NaN,NaN,NaN,NaN,NaN,NaN,NaN,NaN,NaN,NaN,NaN,NaN,NaN,NaN,NaN,NaN,NaN,NaN,NaN,NaN,NaN,NaN,NaN,NaN,NaN,0,0,NaN,0,0,0
NaN,NaN,0,NaN,NaN,NaN,NaN,NaN,NaN,NaN,NaN,NaN,NaN,NaN,NaN,NaN,NaN,NaN,NaN,NaN,NaN,NaN,NaN,NaN,NaN,NaN,NaN,NaN,NaN,NaN,NaN,NaN,NaN,NaN,NaN,NaN,NaN,NaN,NaN,NaN,NaN,NaN,NaN,NaN,NaN,NaN,NaN,NaN,NaN,NaN,NaN,NaN,NaN,NaN,NaN,NaN,NaN,NaN,NaN,NaN,NaN,NaN,NaN,NaN,NaN,NaN,NaN,NaN,NaN,NaN,NaN,NaN,NaN,NaN,NaN,NaN,NaN,NaN,NaN,NaN,NaN,NaN,NaN,NaN,NaN,NaN,NaN,NaN,NaN,NaN,NaN,NaN,NaN,NaN,NaN,NaN,NaN,NaN,NaN,NaN,NaN,NaN,NaN,NaN,NaN,NaN,NaN,NaN,NaN,NaN,NaN,NaN,NaN,NaN,NaN,NaN,NaN,NaN,NaN,NaN,NaN,NaN,0,0,NaN,0,0,0
NaN,NaN,0,NaN,NaN,NaN,NaN,NaN,NaN,NaN,NaN,NaN,NaN,NaN,NaN,NaN,NaN,NaN,NaN,NaN,NaN,NaN,NaN,NaN,NaN,NaN,NaN,NaN,NaN,NaN,NaN,NaN,NaN,NaN,NaN,NaN,NaN,NaN,NaN,NaN,NaN,NaN,NaN,NaN,NaN,NaN,NaN,NaN,NaN,NaN,NaN,NaN,NaN,NaN,NaN,NaN,NaN,NaN,NaN,NaN,NaN,NaN,NaN,NaN,NaN,NaN,NaN,NaN,NaN,NaN,NaN,NaN,NaN,NaN,NaN,NaN,NaN,NaN,NaN,NaN,NaN,NaN,NaN,NaN,NaN,NaN,NaN,NaN,NaN,NaN,NaN,NaN,NaN,NaN,NaN,NaN,NaN,NaN,NaN,NaN,NaN,NaN,NaN,NaN,NaN,NaN,NaN,NaN,NaN,NaN,NaN,NaN,NaN,NaN,NaN,NaN,NaN,NaN,NaN,NaN,NaN,NaN,0,0,NaN,0,0,0
NaN,NaN,0,NaN,NaN,NaN,NaN,NaN,NaN,NaN,NaN,NaN,NaN,NaN,NaN,NaN,NaN,NaN,NaN,NaN,NaN,NaN,NaN,NaN,NaN,NaN,NaN,NaN,NaN,NaN,NaN,NaN,NaN,NaN,NaN,NaN,NaN,NaN,NaN,NaN,NaN,NaN,NaN,NaN,NaN,NaN,NaN,NaN,NaN,NaN,NaN,NaN,NaN,NaN,NaN,NaN,NaN,NaN,NaN,NaN,NaN,NaN,NaN,NaN,NaN,NaN,NaN,NaN,NaN,NaN,NaN,NaN,NaN,NaN,NaN,NaN,NaN,NaN,NaN,NaN,NaN,NaN,NaN,NaN,NaN,NaN,NaN,NaN,NaN,NaN,NaN,NaN,NaN,NaN,NaN,NaN,NaN,NaN,NaN,NaN,NaN,NaN,NaN,NaN,NaN,NaN,NaN,NaN,NaN,NaN,NaN,NaN,NaN,NaN,NaN,NaN,NaN,NaN,NaN,NaN,NaN,NaN,0,0,NaN,0,0,0
NaN,NaN,0,NaN,NaN,NaN,NaN,NaN,NaN,NaN,NaN,NaN,NaN,NaN,NaN,NaN,NaN,NaN,NaN,NaN,NaN,NaN,NaN,NaN,NaN,NaN,NaN,NaN,NaN,NaN,NaN,NaN,NaN,NaN,NaN,NaN,NaN,NaN,NaN,NaN,NaN,NaN,NaN,NaN,NaN,NaN,NaN,NaN,NaN,NaN,NaN,NaN,NaN,NaN,NaN,NaN,NaN,NaN,NaN,NaN,NaN,NaN,NaN,NaN,NaN,NaN,NaN,NaN,NaN,NaN,NaN,NaN,NaN,NaN,NaN,NaN,NaN,NaN,NaN,NaN,NaN,NaN,NaN,NaN,NaN,NaN,NaN,NaN,NaN,NaN,NaN,NaN,NaN,NaN,NaN,NaN,NaN,NaN,NaN,NaN,NaN,NaN,NaN,NaN,NaN,NaN,NaN,NaN,NaN,NaN,NaN,NaN,NaN,NaN,NaN,NaN,NaN,NaN,NaN,NaN,NaN,NaN,0,0,NaN,0,0,0
NaN,NaN,0,NaN,NaN,NaN,NaN,NaN,NaN,NaN,NaN,NaN,NaN,NaN,NaN,NaN,NaN,NaN,NaN,NaN,NaN,NaN,NaN,NaN,NaN,NaN,NaN,NaN,NaN,NaN,NaN,NaN,NaN,NaN,NaN,NaN,NaN,NaN,NaN,NaN,NaN,NaN,NaN,NaN,NaN,NaN,NaN,NaN,NaN,NaN,NaN,NaN,NaN,NaN,NaN,NaN,NaN,NaN,NaN,NaN,NaN,NaN,NaN,NaN,NaN,NaN,NaN,NaN,NaN,NaN,NaN,NaN,NaN,NaN,NaN,NaN,NaN,NaN,NaN,NaN,NaN,NaN,NaN,NaN,NaN,NaN,NaN,NaN,NaN,NaN,NaN,NaN,NaN,NaN,NaN,NaN,NaN,NaN,NaN,NaN,NaN,NaN,NaN,NaN,NaN,NaN,NaN,NaN,NaN,NaN,NaN,NaN,NaN,NaN,NaN,NaN,NaN,NaN,NaN,NaN,NaN,NaN,0,0,NaN,0,0,0
NaN,NaN,0,NaN,NaN,NaN,NaN,NaN,NaN,NaN,NaN,NaN,NaN,NaN,NaN,NaN,NaN,NaN,NaN,NaN,NaN,NaN,NaN,NaN,NaN,NaN,NaN,NaN,NaN,NaN,NaN,NaN,NaN,NaN,NaN,NaN,NaN,NaN,NaN,NaN,NaN,NaN,NaN,NaN,NaN,NaN,NaN,NaN,NaN,NaN,NaN,NaN,NaN,NaN,NaN,NaN,NaN,NaN,NaN,NaN,NaN,NaN,NaN,NaN,NaN,NaN,NaN,NaN,NaN,NaN,NaN,NaN,NaN,NaN,NaN,NaN,NaN,NaN,NaN,NaN,NaN,NaN,NaN,NaN,NaN,NaN,NaN,NaN,NaN,NaN,NaN,NaN,NaN,NaN,NaN,NaN,NaN,NaN,NaN,NaN,NaN,NaN,NaN,NaN,NaN,NaN,NaN,NaN,NaN,NaN,NaN,NaN,NaN,NaN,NaN,NaN,NaN,NaN,NaN,NaN,NaN,NaN,0,0,NaN,0,0,0
NaN,NaN,0,NaN,NaN,NaN,NaN,NaN,NaN,NaN,NaN,NaN,NaN,NaN,NaN,NaN,NaN,NaN,NaN,NaN,NaN,NaN,NaN,NaN,NaN,NaN,NaN,NaN,NaN,NaN,NaN,NaN,NaN,NaN,NaN,NaN,NaN,NaN,NaN,NaN,NaN,NaN,NaN,NaN,NaN,NaN,NaN,NaN,NaN,NaN,NaN,NaN,NaN,NaN,NaN,NaN,NaN,NaN,NaN,NaN,NaN,NaN,NaN,NaN,NaN,NaN,NaN,NaN,NaN,NaN,NaN,NaN,NaN,NaN,NaN,NaN,NaN,NaN,NaN,NaN,NaN,NaN,NaN,NaN,NaN,NaN,NaN,NaN,NaN,NaN,NaN,NaN,NaN,NaN,NaN,NaN,NaN,NaN,NaN,NaN,NaN,NaN,NaN,NaN,NaN,NaN,NaN,NaN,NaN,NaN,NaN,NaN,NaN,NaN,NaN,NaN,NaN,NaN,NaN,NaN,NaN,NaN,0,0,NaN,0,0,0
NaN,NaN,0,NaN,NaN,NaN,NaN,NaN,NaN,NaN,NaN,NaN,NaN,NaN,NaN,NaN,NaN,NaN,NaN,NaN,NaN,NaN,NaN,NaN,NaN,NaN,NaN,NaN,NaN,NaN,NaN,NaN,NaN,NaN,NaN,NaN,NaN,NaN,NaN,NaN,NaN,NaN,NaN,NaN,NaN,NaN,NaN,NaN,NaN,NaN,NaN,NaN,NaN,NaN,NaN,NaN,NaN,NaN,NaN,NaN,NaN,NaN,NaN,NaN,NaN,NaN,NaN,NaN,NaN,NaN,NaN,NaN,NaN,NaN,NaN,NaN,NaN,NaN,NaN,NaN,NaN,NaN,NaN,NaN,NaN,NaN,NaN,NaN,NaN,NaN,NaN,NaN,NaN,NaN,NaN,NaN,NaN,NaN,NaN,NaN,NaN,NaN,NaN,NaN,NaN,NaN,NaN,NaN,NaN,NaN,NaN,NaN,NaN,NaN,NaN,NaN,NaN,NaN,NaN,NaN,NaN,NaN,0,0,NaN,0,0,0
NaN,NaN,0,NaN,NaN,NaN,NaN,NaN,NaN,NaN,NaN,NaN,NaN,NaN,NaN,NaN,NaN,NaN,NaN,NaN,NaN,NaN,NaN,NaN,NaN,NaN,NaN,NaN,NaN,NaN,NaN,NaN,NaN,NaN,NaN,NaN,NaN,NaN,NaN,NaN,NaN,NaN,NaN,NaN,NaN,NaN,NaN,NaN,NaN,NaN,NaN,NaN,NaN,NaN,NaN,NaN,NaN,NaN,NaN,NaN,NaN,NaN,NaN,NaN,NaN,NaN,NaN,NaN,NaN,NaN,NaN,NaN,NaN,NaN,NaN,NaN,NaN,NaN,NaN,NaN,NaN,NaN,NaN,NaN,NaN,NaN,NaN,NaN,NaN,NaN,NaN,NaN,NaN,NaN,NaN,NaN,NaN,NaN,NaN,NaN,NaN,NaN,NaN,NaN,NaN,NaN,NaN,NaN,NaN,NaN,NaN,NaN,NaN,NaN,NaN,NaN,NaN,NaN,NaN,NaN,NaN,NaN,0,0,NaN,0,0,0
NaN,NaN,0,NaN,NaN,NaN,NaN,NaN,NaN,NaN,NaN,NaN,NaN,NaN,NaN,NaN,NaN,NaN,NaN,NaN,NaN,NaN,NaN,NaN,NaN,NaN,NaN,NaN,NaN,NaN,NaN,NaN,NaN,NaN,NaN,NaN,NaN,NaN,NaN,NaN,NaN,NaN,NaN,NaN,NaN,NaN,NaN,NaN,NaN,NaN,NaN,NaN,NaN,NaN,NaN,NaN,NaN,NaN,NaN,NaN,NaN,NaN,NaN,NaN,NaN,NaN,NaN,NaN,NaN,NaN,NaN,NaN,NaN,NaN,NaN,NaN,NaN,NaN,NaN,NaN,NaN,NaN,NaN,NaN,NaN,NaN,NaN,NaN,NaN,NaN,NaN,NaN,NaN,NaN,NaN,NaN,NaN,NaN,NaN,NaN,NaN,NaN,NaN,NaN,NaN,NaN,NaN,NaN,NaN,NaN,NaN,NaN,NaN,NaN,NaN,NaN,NaN,NaN,NaN,NaN,NaN,NaN,0,0,NaN,0,0,0
NaN,NaN,0,NaN,NaN,NaN,NaN,NaN,NaN,NaN,NaN,NaN,NaN,NaN,NaN,NaN,NaN,NaN,NaN,NaN,NaN,NaN,NaN,NaN,NaN,NaN,NaN,NaN,NaN,NaN,NaN,NaN,NaN,NaN,NaN,NaN,NaN,NaN,NaN,NaN,NaN,NaN,NaN,NaN,NaN,NaN,NaN,NaN,NaN,NaN,NaN,NaN,NaN,NaN,NaN,NaN,NaN,NaN,NaN,NaN,NaN,NaN,NaN,NaN,NaN,NaN,NaN,NaN,NaN,NaN,NaN,2.45,NaN,NaN,NaN,NaN,NaN,NaN,NaN,NaN,NaN,NaN,NaN,NaN,NaN,NaN,NaN,NaN,NaN,NaN,NaN,NaN,NaN,NaN,NaN,NaN,NaN,NaN,NaN,NaN,NaN,2.877,NaN,NaN,NaN,NaN,NaN,NaN,NaN,NaN,NaN,NaN,NaN,NaN,NaN,NaN,NaN,NaN,NaN,NaN,NaN,2.187,0,0,NaN,0,0,0
