NaN,0.483,NaN,0,NaN,NaN,0.363,NaN,NaN,NaN,NaN,NaN,NaN,NaN,NaN,NaN,NaN,NaN,NaN,NaN,NaN,NaN,NaN,NaN,NaN,NaN,NaN,NaN,NaN,NaN,NaN,NaN,NaN,NaN,NaN,NaN,NaN,NaN,NaN,NaN,NaN,NaN,NaN,NaN,NaN,NaN,NaN,NaN,NaN,NaN,0.475,NaN,NaN,NaN,NaN,0.366,NaN,NaN,NaN,NaN,NaN,NaN,NaN,NaN,NaN,NaN,NaN,NaN,NaN,NaN,NaN,NaN,NaN,NaN,NaN,NaN,NaN,NaN,NaN,NaN,NaN,NaN,NaN,NaN,NaN,NaN,NaN,NaN,NaN,NaN,NaN,NaN,NaN,NaN,NaN,NaN,NaN,NaN,NaN,NaN,NaN,NaN,NaN,NaN,NaN,NaN,NaN,NaN,NaN,NaN,NaN,NaN,NaN,NaN,NaN,NaN,NaN,NaN,NaN,NaN,NaN,NaN,0,0,0,NaN,0,NaN
NaN,NaN,NaN,0,NaN,NaN,NaN,NaN,NaN,NaN,NaN,NaN,NaN,NaN,NaN,NaN,NaN,NaN,NaN,NaN,NaN,NaN,NaN,NaN,NaN,NaN,NaN,NaN,NaN,NaN,NaN,NaN,NaN,NaN,NaN,NaN,NaN,NaN,NaN,NaN,NaN,NaN,NaN,NaN,NaN,NaN,NaN,NaN,NaN,NaN,NaN,NaN,NaN,NaN,NaN,NaN,NaN,NaN,NaN,NaN,NaN,NaN,NaN,NaN,NaN,NaN,NaN,NaN,NaN,NaN,NaN,NaN,NaN,NaN,NaN,NaN,NaN,NaN,NaN,NaN,NaN,NaN,NaN,NaN,NaN,NaN,NaN,NaN,NaN,NaN,NaN,NaN,NaN,NaN,NaN,NaN,NaN,NaN,NaN,NaN,NaN,NaN,NaN,NaN,NaN,NaN,NaN,NaN,NaN,NaN,NaN,NaN,NaN,NaN,NaN,NaN,NaN,NaN,NaN,NaN,NaN,NaN,0,0,0,NaN,0,NaN
NaN,NaN,NaN,0,NaN,NaN,NaN,NaN,NaN,NaN,NaN,NaN,NaN,NaN,NaN,NaN,NaN,NaN,NaN,NaN,NaN,NaN,NaN,NaN,NaN,NaN,NaN,NaN,NaN,NaN,NaN,NaN,NaN,NaN,NaN,NaN,NaN,NaN,NaN,NaN,NaN,NaN,NaN,NaN,NaN,NaN,NaN,NaN,NaN,NaN,NaN,NaN,NaN,NaN,NaN,NaN,NaN,NaN,NaN,NaN,NaN,NaN,NaN,NaN,NaN,NaN,NaN,NaN,NaN,NaN,NaN,NaN,NaN,NaN,NaN,NaN,NaN,NaN,NaN,NaN,NaN,NaN,NaN,NaN,NaN,NaN,NaN,NaN,NaN,NaN,NaN,NaN,NaN,NaN,NaN,NaN,NaN,NaN,NaN,NaN,NaN,NaN,NaN,NaN,NaN,NaN,NaN,NaN,NaN,NaN,NaN,NaN,NaN,NaN,NaN,NaN,NaN,NaN,0.359,NaN,NaN,NaN,0,0,0,NaN,0,NaN
NaN,NaN,NaN,0,NaN,NaN,NaN,NaN,NaN,NaN,NaN,NaN,NaN,NaN,NaN,NaN,NaN,NaN,NaN,NaN,NaN,NaN,NaN,NaN,NaN,NaN,NaN,NaN,NaN,NaN,NaN,NaN,NaN,NaN,NaN,NaN,NaN,NaN,NaN,NaN,NaN,NaN,NaN,NaN,NaN,NaN,NaN,NaN,NaN,NaN,NaN,NaN,NaN,NaN,NaN,NaN,NaN,NaN,NaN,0.377,NaN,NaN,NaN,NaN,NaN,NaN,NaN,NaN,NaN,NaN,NaN,NaN,NaN,NaN,NaN,NaN,NaN,NaN,NaN,NaN,NaN,NaN,NaN,NaN,NaN,NaN,NaN,NaN,NaN,NaN,NaN,NaN,NaN,NaN,NaN,NaN,NaN,NaN,NaN,NaN,NaN,NaN,NaN,NaN,NaN,NaN,NaN,NaN,NaN,NaN,NaN,NaN,NaN,NaN,NaN,NaN,NaN,NaN,NaN,NaN,NaN,NaN,0,0,0,NaN,0,NaN
NaN,NaN,NaN,0,NaN,NaN,NaN,NaN,NaN,NaN,NaN,NaN,NaN,NaN,NaN,NaN,NaN,NaN,NaN,NaN,NaN,NaN,NaN,NaN,NaN,NaN,NaN,NaN,NaN,NaN,NaN,NaN,NaN,NaN,NaN,NaN,NaN,NaN,NaN,NaN,NaN,NaN,NaN,NaN,NaN,NaN,NaN,NaN,NaN,NaN,NaN,NaN,NaN,0.459,NaN,NaN,NaN,NaN,NaN,NaN,NaN,NaN,NaN,NaN,NaN,NaN,NaN,NaN,NaN,NaN,NaN,NaN,NaN,NaN,NaN,NaN,NaN,NaN,NaN,NaN,NaN,NaN,NaN,NaN,NaN,NaN,NaN,NaN,NaN,NaN,NaN,NaN,NaN,NaN,NaN,NaN,NaN,NaN,NaN,NaN,NaN,NaN,NaN,NaN,NaN,NaN,NaN,NaN,NaN,NaN,NaN,NaN,NaN,NaN,NaN,NaN,NaN,NaN,NaN,NaN,NaN,NaN,0,0,0,NaN,0,NaN
NaN,NaN,NaN,0,NaN,NaN,NaN,NaN,NaN,NaN,NaN,NaN,NaN,NaN,NaN,NaN,NaN,NaN,NaN,NaN,NaN,NaN,NaN,NaN,NaN,NaN,NaN,NaN,NaN,NaN,NaN,NaN,NaN,NaN,NaN,NaN,NaN,NaN,NaN,NaN,NaN,NaN,NaN,NaN,NaN,NaN,NaN,NaN,NaN,NaN,NaN,NaN,NaN,NaN,NaN,NaN,NaN,NaN,NaN,NaN,NaN,NaN,NaN,NaN,0.549,NaN,NaN,NaN,NaN,NaN,NaN,NaN,NaN,NaN,NaN,NaN,NaN,NaN,NaN,NaN,NaN,NaN,NaN,NaN,NaN,NaN,NaN,NaN,NaN,NaN,NaN,NaN,NaN,NaN,NaN,NaN,NaN,NaN,NaN,NaN,NaN,NaN,NaN,NaN,NaN,NaN,NaN,NaN,NaN,NaN,NaN,NaN,NaN,NaN,NaN,NaN,NaN,NaN,NaN,NaN,NaN,NaN,0,0,0,NaN,0,NaN
NaN,NaN,NaN,0,NaN,NaN,NaN,NaN,NaN,NaN,NaN,NaN,NaN,NaN,NaN,NaN,NaN,NaN,NaN,NaN,NaN,NaN,0.404,NaN,NaN,NaN,NaN,NaN,NaN,NaN,NaN,NaN,NaN,NaN,NaN,NaN,NaN,NaN,NaN,NaN,NaN,NaN,0.359,NaN,NaN,NaN,NaN,NaN,NaN,NaN,NaN,NaN,NaN,NaN,NaN,NaN,NaN,NaN,NaN,NaN,NaN,NaN,NaN,NaN,NaN,NaN,NaN,NaN,NaN,NaN,NaN,NaN,NaN,NaN,NaN,NaN,NaN,NaN,NaN,NaN,NaN,NaN,NaN,NaN,NaN,NaN,NaN,NaN,NaN,NaN,NaN,NaN,NaN,NaN,NaN,NaN,NaN,NaN,NaN,NaN,NaN,NaN,NaN,NaN,NaN,NaN,NaN,NaN,0.353,NaN,NaN,NaN,NaN,NaN,NaN,NaN,NaN,NaN,NaN,NaN,NaN,NaN,0,0,0,NaN,0,NaN
NaN,NaN,NaN,0,NaN,NaN,NaN,NaN,NaN,NaN,NaN,NaN,NaN,NaN,NaN,NaN,NaN,NaN,NaN,NaN,NaN,NaN,NaN,NaN,NaN,NaN,NaN,NaN,NaN,NaN,NaN,NaN,NaN,NaN,NaN,NaN,NaN,NaN,NaN,NaN,NaN,NaN,NaN,NaN,NaN,NaN,NaN,NaN,NaN,NaN,NaN,NaN,NaN,NaN,NaN,NaN,NaN,NaN,NaN,NaN,NaN,1.073,NaN,NaN,NaN,NaN,NaN,NaN,NaN,NaN,NaN,NaN,NaN,NaN,NaN,NaN,NaN,NaN,NaN,NaN,NaN,NaN,NaN,NaN,NaN,NaN,NaN,NaN,NaN,NaN,NaN,NaN,NaN,NaN,NaN,NaN,NaN,NaN,NaN,NaN,NaN,NaN,NaN,NaN,NaN,NaN,NaN,NaN,NaN,NaN,NaN,0.468,NaN,NaN,NaN,NaN,NaN,NaN,NaN,NaN,NaN,NaN,0,0,0,NaN,0,NaN
NaN,NaN,NaN,0,NaN,NaN,NaN,NaN,NaN,NaN,NaN,NaN,NaN,NaN,NaN,NaN,NaN,NaN,NaN,NaN,NaN,NaN,NaN,NaN,NaN,NaN,NaN,NaN,NaN,NaN,NaN,NaN,NaN,NaN,NaN,NaN,NaN,NaN,NaN,NaN,NaN,NaN,NaN,NaN,0.489,NaN,NaN,NaN,NaN,NaN,NaN,NaN,NaN,NaN,NaN,NaN,NaN,NaN,1.031,1.073,1.366,1.599,NaN,1.599,NaN,NaN,NaN,0.672,NaN,NaN,NaN,NaN,NaN,NaN,NaN,NaN,NaN,NaN,NaN,NaN,NaN,NaN,NaN,NaN,NaN,NaN,NaN,NaN,NaN,NaN,NaN,NaN,NaN,NaN,NaN,NaN,NaN,NaN,NaN,NaN,NaN,NaN,NaN,NaN,NaN,NaN,NaN,NaN,NaN,NaN,NaN,NaN,NaN,NaN,NaN,NaN,NaN,NaN,NaN,NaN,NaN,NaN,0,0,0,NaN,0,NaN
NaN,NaN,NaN,0,NaN,NaN,NaN,NaN,NaN,NaN,NaN,NaN,NaN,NaN,NaN,NaN,NaN,NaN,NaN,NaN,NaN,NaN,NaN,NaN,NaN,NaN,NaN,NaN,NaN,NaN,NaN,NaN,NaN,NaN,NaN,NaN,NaN,NaN,NaN,NaN,NaN,NaN,NaN,NaN,NaN,NaN,NaN,NaN,NaN,NaN,NaN,NaN,NaN,NaN,NaN,NaN,NaN,1.268,1.584,1.599,1.599,1.599,1.964,2.197,NaN,1.376,NaN,NaN,NaN,NaN,NaN,NaN,NaN,NaN,NaN,NaN,NaN,NaN,NaN,NaN,NaN,NaN,NaN,NaN,NaN,NaN,NaN,NaN,NaN,NaN,NaN,NaN,NaN,NaN,NaN,NaN,NaN,NaN,NaN,NaN,NaN,NaN,NaN,NaN,NaN,NaN,NaN,NaN,NaN,NaN,NaN,NaN,0.382,NaN,NaN,NaN,NaN,NaN,NaN,NaN,NaN,NaN,0,0,0,NaN,0,NaN
NaN,NaN,NaN,0,NaN,NaN,NaN,NaN,NaN,0.366,NaN,NaN,NaN,NaN,NaN,NaN,NaN,NaN,NaN,NaN,NaN,NaN,NaN,NaN,NaN,NaN,NaN,NaN,NaN,NaN,NaN,NaN,NaN,NaN,NaN,NaN,NaN,NaN,NaN,NaN,NaN,NaN,NaN,NaN,NaN,NaN,NaN,NaN,NaN,NaN,NaN,NaN,NaN,1.113,NaN,1.69,1.877,1.793,1.793,1.69,1.883,1.883,1.964,2.197,2.495,2.495,1.376,0.946,1.376,1.469,1.469,NaN,NaN,NaN,NaN,NaN,NaN,NaN,NaN,NaN,NaN,NaN,NaN,NaN,NaN,NaN,NaN,NaN,NaN,NaN,NaN,NaN,NaN,NaN,NaN,NaN,NaN,NaN,NaN,NaN,NaN,NaN,NaN,NaN,NaN,NaN,NaN,NaN,NaN,NaN,NaN,NaN,NaN,NaN,NaN,NaN,NaN,NaN,NaN,NaN,NaN,NaN,0,0,0,NaN,0,NaN
NaN,NaN,NaN,0,NaN,NaN,NaN,NaN,NaN,NaN,NaN,NaN,NaN,NaN,NaN,NaN,NaN,NaN,NaN,NaN,NaN,NaN,NaN,NaN,NaN,0.368,NaN,NaN,NaN,NaN,NaN,NaN,NaN,NaN,NaN,NaN,NaN,NaN,NaN,NaN,NaN,NaN,NaN,NaN,NaN,NaN,NaN,NaN,NaN,NaN,NaN,NaN,NaN,NaN,1.877,2.056,2.056,2.056,1.883,2.056,1.964,1.951,1.951,2.048,1.974,1.974,2.495,2.495,2.452,2.452,2.452,2.991,6.376,2.991,NaN,2.624,2.624,NaN,2.348,NaN,NaN,NaN,NaN,NaN,NaN,NaN,NaN,NaN,NaN,NaN,NaN,NaN,NaN,NaN,NaN,NaN,NaN,NaN,NaN,NaN,NaN,NaN,NaN,NaN,NaN,NaN,NaN,NaN,NaN,NaN,NaN,NaN,NaN,NaN,NaN,NaN,NaN,NaN,0.438,NaN,NaN,NaN,0,0,0,NaN,0,NaN
NaN,NaN,NaN,0,NaN,NaN,NaN,NaN,NaN,NaN,NaN,NaN,NaN,NaN,NaN,NaN,NaN,NaN,NaN,NaN,NaN,NaN,NaN,NaN,NaN,NaN,NaN,NaN,NaN,NaN,NaN,NaN,NaN,NaN,NaN,NaN,NaN,NaN,NaN,NaN,NaN,NaN,NaN,NaN,NaN,NaN,NaN,0.475,NaN,NaN,NaN,1.574,1.734,1.837,2.25,2.288,2.288,2.288,2.288,2.353,2.048,1.883,1.883,1.951,1.951,1.974,2.495,NaN,3.03,3.054,3.03,6.376,7.339,11.135,11.056,11.056,NaN,2.633,2.633,2.624,1.962,1.962,1.075,NaN,NaN,0.585,0.404,NaN,NaN,NaN,NaN,NaN,NaN,NaN,NaN,NaN,NaN,NaN,NaN,NaN,NaN,NaN,NaN,NaN,NaN,NaN,NaN,NaN,NaN,NaN,NaN,NaN,NaN,NaN,NaN,NaN,NaN,NaN,NaN,NaN,NaN,NaN,0,0,0,NaN,0,NaN
NaN,0.504,NaN,0,NaN,NaN,NaN,NaN,NaN,NaN,NaN,NaN,NaN,NaN,NaN,NaN,NaN,NaN,NaN,NaN,NaN,NaN,NaN,NaN,NaN,NaN,NaN,NaN,NaN,NaN,NaN,NaN,NaN,NaN,NaN,NaN,NaN,NaN,NaN,NaN,NaN,NaN,NaN,NaN,NaN,NaN,NaN,NaN,0.492,0.492,0.94,1.672,2.155,2.45,2.45,2.434,2.45,2.434,2.434,2.325,2.048,1.883,1.479,1.479,1.783,1.974,NaN,3.03,3.054,3.054,3.054,5.882,6.794,11.135,11.056,9.114,9.114,6.687,4.701,4.066,2.633,NaN,2.163,1.075,1.065,1.065,NaN,NaN,NaN,NaN,NaN,NaN,NaN,NaN,NaN,0.384,NaN,NaN,NaN,NaN,NaN,NaN,NaN,NaN,NaN,NaN,NaN,NaN,NaN,NaN,NaN,NaN,NaN,NaN,NaN,NaN,NaN,NaN,NaN,NaN,NaN,NaN,0,0,0,NaN,0,NaN
0.737,0.504,NaN,0,NaN,NaN,NaN,NaN,NaN,NaN,NaN,NaN,NaN,NaN,NaN,NaN,NaN,NaN,NaN,NaN,NaN,NaN,NaN,NaN,NaN,NaN,NaN,NaN,NaN,NaN,NaN,NaN,NaN,NaN,NaN,NaN,NaN,NaN,NaN,NaN,NaN,NaN,NaN,NaN,NaN,NaN,NaN,NaN,0.652,0.94,1.574,1.734,2.155,2.533,2.542,2.542,2.542,2.542,2.473,2.473,2.325,1.951,1.537,1.464,1.464,1.783,NaN,NaN,3.054,3.03,3.748,5.145,5.882,6.794,9.946,9.114,9.114,6.687,6.777,6.687,6.777,5.917,4.463,NaN,NaN,NaN,NaN,NaN,1.962,NaN,NaN,NaN,NaN,NaN,NaN,NaN,NaN,NaN,NaN,NaN,NaN,NaN,NaN,NaN,NaN,NaN,NaN,NaN,NaN,NaN,NaN,NaN,NaN,NaN,NaN,NaN,NaN,NaN,NaN,NaN,NaN,NaN,0,0,0,NaN,0,NaN
NaN,NaN,NaN,0,NaN,NaN,NaN,NaN,NaN,NaN,NaN,NaN,NaN,NaN,NaN,NaN,NaN,NaN,NaN,NaN,NaN,NaN,NaN,NaN,NaN,NaN,NaN,NaN,NaN,NaN,NaN,NaN,NaN,NaN,NaN,NaN,NaN,NaN,NaN,NaN,NaN,NaN,NaN,NaN,NaN,NaN,NaN,0.664,NaN,1.574,1.672,2.155,2.601,2.615,2.707,2.799,2.878,2.525,2.789,2.789,2.473,2.073,1.721,1.492,1.451,1.39,1.798,2.376,2.959,2.424,2.552,2.71,3.678,3.748,4.708,5.097,5.097,6.687,6.687,6.687,7.524,7.524,7.841,7.841,NaN,9.235,2.509,NaN,NaN,1.411,NaN,NaN,NaN,0.86,NaN,NaN,NaN,NaN,NaN,NaN,NaN,NaN,NaN,NaN,NaN,NaN,NaN,NaN,NaN,NaN,NaN,NaN,NaN,0.377,NaN,NaN,NaN,0.38,NaN,NaN,NaN,NaN,0,0,0,NaN,0,NaN
NaN,NaN,NaN,0,NaN,NaN,NaN,NaN,NaN,NaN,NaN,NaN,NaN,NaN,NaN,NaN,NaN,NaN,NaN,NaN,NaN,NaN,NaN,NaN,NaN,NaN,0.43,NaN,NaN,NaN,NaN,NaN,NaN,NaN,0.384,0.351,NaN,NaN,NaN,NaN,NaN,NaN,NaN,NaN,NaN,0.549,NaN,0.922,1.672,2.155,2.375,2.503,2.615,2.711,2.711,2.799,2.878,2.878,2.803,2.789,2.357,2.148,1.989,1.721,1.464,1.39,NaN,NaN,2.174,2.174,2.174,2.552,2.908,3.147,3.147,3.397,3.411,4.291,5.097,5.097,5.917,6.777,5.917,5.805,9.235,9.235,3.668,NaN,1.91,1.411,NaN,1.196,NaN,NaN,NaN,NaN,NaN,NaN,NaN,NaN,0.551,NaN,NaN,NaN,NaN,NaN,NaN,NaN,NaN,NaN,NaN,NaN,NaN,NaN,NaN,NaN,NaN,NaN,NaN,NaN,NaN,NaN,0,0,0,NaN,0,NaN
NaN,NaN,NaN,0,NaN,NaN,NaN,NaN,NaN,NaN,NaN,NaN,NaN,NaN,NaN,NaN,NaN,NaN,NaN,NaN,NaN,NaN,NaN,NaN,NaN,NaN,NaN,NaN,NaN,NaN,NaN,NaN,NaN,NaN,NaN,NaN,NaN,NaN,NaN,NaN,NaN,NaN,NaN,NaN,NaN,0.663,0.768,1.182,2.209,2.375,2.375,2.59,2.707,2.731,2.731,2.828,2.828,2.878,2.798,2.775,2.325,2.19,2.073,1.783,1.534,1.534,NaN,2.066,2.032,1.985,1.985,2.348,2.552,2.814,2.865,2.946,2.946,2.946,3.107,3.516,3.651,3.651,3.779,4.02,3.779,2.809,NaN,NaN,1.91,1.411,NaN,1.345,1.345,NaN,1.345,NaN,NaN,NaN,NaN,NaN,NaN,NaN,NaN,NaN,NaN,NaN,NaN,NaN,NaN,NaN,NaN,NaN,NaN,NaN,NaN,NaN,NaN,NaN,NaN,NaN,NaN,NaN,0,0,0,NaN,0,NaN
NaN,NaN,NaN,0,NaN,NaN,NaN,NaN,NaN,NaN,NaN,NaN,NaN,NaN,NaN,NaN,NaN,NaN,NaN,NaN,NaN,NaN,NaN,NaN,NaN,NaN,NaN,NaN,NaN,NaN,NaN,NaN,NaN,NaN,NaN,NaN,NaN,NaN,NaN,NaN,NaN,NaN,NaN,0.794,0.794,1.185,1.628,1.913,2.275,2.419,2.59,2.68,2.533,2.615,2.731,2.799,2.799,2.799,2.798,2.775,2.357,2.137,2.071,1.965,1.965,1.965,NaN,NaN,1.991,1.985,1.935,1.985,2.042,2.624,2.814,2.739,2.634,2.739,2.835,2.835,3.276,3.276,3.423,3.088,2.809,2.783,NaN,1.91,1.528,1.411,1.345,1.196,1.603,1.603,NaN,NaN,NaN,NaN,NaN,NaN,NaN,NaN,NaN,NaN,NaN,NaN,NaN,NaN,NaN,NaN,NaN,NaN,NaN,NaN,NaN,NaN,NaN,NaN,NaN,NaN,NaN,NaN,0,0,0,NaN,0,NaN
NaN,NaN,NaN,0,NaN,NaN,NaN,NaN,NaN,NaN,NaN,NaN,NaN,NaN,NaN,NaN,NaN,NaN,NaN,NaN,NaN,NaN,NaN,NaN,NaN,NaN,NaN,NaN,NaN,NaN,NaN,NaN,NaN,NaN,NaN,NaN,NaN,NaN,NaN,NaN,0.794,0.89,1.185,1.256,1.373,1.913,2.148,2.375,2.43,2.419,2.503,2.503,2.615,2.608,2.706,2.706,2.706,2.706,2.527,2.357,2.332,2.137,2.1,1.965,1.764,1.396,1.991,1.991,1.991,1.857,1.921,1.958,2.076,2.365,2.735,2.624,2.624,2.592,2.634,2.444,2.444,2.759,2.809,2.783,2.673,2.506,2.426,1.91,1.91,1.112,NaN,1.603,1.948,1.948,NaN,0.971,NaN,NaN,NaN,NaN,NaN,NaN,NaN,NaN,NaN,NaN,NaN,NaN,NaN,NaN,NaN,NaN,NaN,NaN,NaN,NaN,NaN,NaN,NaN,NaN,NaN,NaN,0,0,0,NaN,0,NaN
NaN,NaN,NaN,0,NaN,NaN,NaN,NaN,NaN,NaN,NaN,NaN,NaN,NaN,NaN,NaN,NaN,NaN,NaN,NaN,NaN,NaN,NaN,NaN,NaN,NaN,NaN,NaN,NaN,NaN,NaN,NaN,NaN,NaN,NaN,NaN,NaN,NaN,NaN,0.799,0.89,1.235,1.256,1.564,2.258,2.43,2.726,2.58,2.622,2.68,2.59,2.419,2.467,2.467,2.608,2.543,2.608,2.527,2.19,2.137,2.163,2.071,2.034,1.831,1.764,1.449,2.034,1.991,1.985,1.781,1.921,1.935,2.26,2.365,2.496,2.592,2.496,2.443,2.267,2.267,2.267,2.429,2.556,2.556,2.429,2.506,2.047,2.119,1.823,NaN,NaN,NaN,2.512,NaN,1.948,NaN,0.971,NaN,NaN,NaN,NaN,NaN,NaN,NaN,NaN,NaN,NaN,NaN,NaN,NaN,NaN,NaN,NaN,NaN,NaN,NaN,NaN,NaN,NaN,NaN,NaN,NaN,0,0,0,NaN,0,NaN
NaN,NaN,NaN,0,NaN,NaN,NaN,NaN,NaN,NaN,NaN,NaN,NaN,NaN,NaN,NaN,NaN,NaN,NaN,NaN,NaN,NaN,NaN,NaN,NaN,NaN,NaN,NaN,NaN,NaN,NaN,NaN,NaN,NaN,NaN,NaN,NaN,NaN,0.89,1.023,1.131,1.564,1.796,2.148,2.343,2.567,2.726,2.622,2.68,2.68,2.426,2.419,2.467,2.467,2.507,2.291,2.527,2.34,2.13,1.792,1.727,1.688,1.688,1.764,1.764,1.831,NaN,2.152,1.834,1.834,1.826,1.921,2.114,2.26,2.365,2.592,2.443,2.181,2.091,2.167,2.124,2.267,2.396,2.454,2.454,2.429,2.047,2.119,1.823,2.119,1.647,NaN,1.774,3.843,NaN,NaN,0.875,NaN,NaN,NaN,NaN,NaN,NaN,NaN,NaN,NaN,NaN,NaN,NaN,NaN,0.459,NaN,NaN,NaN,NaN,NaN,NaN,NaN,NaN,NaN,NaN,NaN,0,0,0,NaN,0,NaN
NaN,NaN,NaN,0,NaN,NaN,NaN,NaN,NaN,NaN,NaN,NaN,NaN,NaN,NaN,NaN,NaN,NaN,NaN,NaN,NaN,NaN,NaN,NaN,NaN,NaN,NaN,NaN,NaN,NaN,NaN,NaN,NaN,NaN,NaN,NaN,NaN,NaN,1.023,1.235,1.611,2.021,2.029,2.323,2.567,2.567,2.705,2.622,2.419,2.419,2.426,2.322,2.246,2.426,2.507,2.507,2.322,2.063,1.792,1.688,1.564,1.674,1.564,1.674,1.516,1.764,NaN,2.152,2.152,2.152,2.006,2.006,2.059,2.114,2.128,2.181,2.128,2.052,2.089,2.089,2.059,2.167,2.31,2.31,2.059,2.31,2.047,1.918,1.924,1.774,1.774,1.774,1.774,NaN,NaN,NaN,NaN,0.875,NaN,NaN,NaN,NaN,NaN,NaN,NaN,NaN,NaN,NaN,NaN,NaN,NaN,NaN,NaN,NaN,NaN,NaN,NaN,NaN,NaN,NaN,NaN,NaN,0,0,0,NaN,0,NaN
NaN,NaN,NaN,0,NaN,NaN,NaN,NaN,NaN,NaN,NaN,NaN,0.397,NaN,NaN,NaN,NaN,NaN,NaN,NaN,NaN,NaN,NaN,NaN,NaN,NaN,NaN,NaN,NaN,NaN,NaN,NaN,NaN,NaN,NaN,NaN,1.659,1.611,1.611,1.654,1.861,2.021,2.142,2.142,2.296,2.567,2.567,2.622,2.322,2.322,2.426,2.246,2.322,2.426,2.467,2.146,2.063,2.063,1.771,1.564,1.564,1.649,1.649,1.764,1.764,1.831,1.834,2.038,2.038,2.152,2.059,2.049,2.114,2.319,2.068,2.108,2.108,1.927,2.052,1.927,2.059,2.01,2.167,1.798,2.047,1.798,1.952,1.924,2.143,1.774,1.774,1.647,2.191,1.647,1.691,NaN,0.875,0.875,0.782,NaN,NaN,NaN,NaN,NaN,NaN,NaN,NaN,NaN,NaN,NaN,NaN,NaN,NaN,NaN,NaN,NaN,NaN,NaN,NaN,NaN,NaN,NaN,0,0,0,NaN,0,NaN
NaN,NaN,NaN,0,NaN,NaN,NaN,NaN,NaN,NaN,NaN,NaN,NaN,NaN,NaN,NaN,NaN,NaN,NaN,NaN,NaN,NaN,NaN,NaN,NaN,NaN,NaN,NaN,NaN,NaN,NaN,NaN,NaN,NaN,NaN,1.659,1.878,1.659,1.854,1.796,1.878,2.021,2.028,2.021,2.021,2.296,2.285,2.285,2.285,2.354,2.322,2.426,2.195,2.467,2.123,2.075,2.043,1.902,NaN,NaN,1.437,1.562,1.831,2.137,2.231,2.038,2.038,2.136,2.136,2.037,2.03,2.068,2.114,2.114,2.049,2.068,2.052,1.927,2.108,1.927,2.01,2.059,2.061,1.841,1.798,1.924,1.952,2.062,2.062,1.952,1.691,1.691,1.903,1.647,NaN,NaN,NaN,NaN,NaN,NaN,NaN,0.374,NaN,NaN,NaN,NaN,NaN,NaN,NaN,NaN,NaN,NaN,NaN,NaN,NaN,NaN,NaN,NaN,NaN,NaN,NaN,NaN,0,0,0,NaN,0,NaN
NaN,NaN,NaN,0,NaN,NaN,NaN,NaN,NaN,NaN,NaN,NaN,NaN,NaN,NaN,NaN,NaN,NaN,NaN,NaN,NaN,NaN,NaN,NaN,NaN,NaN,NaN,NaN,NaN,NaN,NaN,0.569,0.682,1.038,1.49,1.659,1.931,1.854,1.854,1.861,1.893,1.985,2.021,2.028,2.24,2.245,2.245,2.245,2.285,2.249,2.426,2.426,2.322,2.075,2.043,1.718,1.771,1.548,NaN,NaN,NaN,1.562,2.088,2.137,2.254,2.231,2.241,2.045,2.112,2.045,2.112,2.03,2.068,2.068,2.068,2.128,2.128,2.128,2.108,2.5,2.061,2.059,2.01,2.059,1.746,1.798,1.924,1.952,1.952,2.062,2.143,1.977,1.691,1.753,1.753,NaN,NaN,NaN,NaN,NaN,NaN,NaN,NaN,NaN,NaN,NaN,NaN,NaN,NaN,NaN,NaN,NaN,NaN,NaN,NaN,NaN,NaN,NaN,NaN,NaN,NaN,NaN,0,0,0,NaN,0,NaN
NaN,NaN,NaN,0,NaN,NaN,NaN,NaN,NaN,NaN,NaN,NaN,NaN,NaN,NaN,NaN,NaN,0.531,NaN,NaN,NaN,NaN,NaN,NaN,NaN,NaN,NaN,NaN,NaN,NaN,1.022,0.875,1.038,1.201,1.539,1.659,1.667,1.939,1.878,1.965,1.955,2.007,2.007,2.028,2.007,2.007,2.213,2.246,2.245,2.213,2.213,2.334,1.718,1.718,1.702,1.586,1.37,1.548,NaN,NaN,NaN,1.649,2.137,2.088,2.254,2.088,NaN,2.045,2.241,2.139,2.136,2.068,2.068,1.954,2.128,2.184,2.184,2.184,2.25,2.5,2.25,2.236,2.061,1.881,1.647,1.647,1.952,1.796,1.952,1.952,1.906,1.903,1.906,1.903,1.753,NaN,NaN,NaN,NaN,NaN,0.395,NaN,NaN,0.715,NaN,NaN,NaN,NaN,NaN,NaN,NaN,NaN,NaN,NaN,NaN,NaN,NaN,NaN,NaN,NaN,NaN,NaN,0,0,0,NaN,0,NaN
NaN,NaN,NaN,0,NaN,NaN,NaN,NaN,NaN,NaN,NaN,NaN,NaN,NaN,NaN,NaN,NaN,NaN,NaN,NaN,NaN,NaN,NaN,NaN,NaN,NaN,NaN,0.928,NaN,NaN,1.221,1.221,1.221,1.478,1.546,1.753,1.939,1.965,1.965,1.878,2.028,2.007,2.028,2.028,2.007,2.072,2.246,2.246,2.213,2.007,2.007,1.953,1.658,1.37,1.37,1.114,1.031,NaN,0.693,NaN,NaN,1.802,2.137,2.137,2.254,2.254,2.139,2.139,2.139,2.136,2.112,2.049,2.068,2.135,2.135,2.184,2.212,2.25,2.25,2.357,2.658,2.249,2.151,1.881,1.881,1.796,1.881,1.717,1.952,1.846,1.846,1.903,2.054,2.054,1.903,1.833,NaN,NaN,NaN,NaN,NaN,0.715,0.665,0.715,0.538,NaN,NaN,NaN,NaN,NaN,NaN,NaN,NaN,NaN,NaN,NaN,NaN,NaN,NaN,NaN,NaN,NaN,0,0,0,NaN,0,NaN
NaN,NaN,NaN,0,NaN,NaN,NaN,NaN,NaN,NaN,NaN,NaN,NaN,NaN,NaN,NaN,NaN,NaN,NaN,NaN,NaN,NaN,NaN,NaN,NaN,NaN,NaN,NaN,1.152,1.362,1.362,1.478,1.478,1.539,1.753,1.965,1.965,2.016,2.008,1.965,2.008,2.028,2.007,2.007,2.007,2.246,2.246,2.213,2.007,2.213,1.958,1.737,1.586,1.586,1.114,NaN,NaN,NaN,NaN,NaN,NaN,1.569,1.951,1.951,2.088,2.088,NaN,2.112,2.3,2.285,2.112,2.135,2.252,2.212,2.184,2.212,2.184,2.184,2.25,2.151,2.236,2.151,2.121,1.881,1.868,1.881,1.675,1.717,1.728,1.743,1.728,1.922,2.057,2.057,1.903,2.057,2.057,1.889,2.254,NaN,0.809,NaN,0.755,NaN,0.923,NaN,0.538,NaN,NaN,0.415,NaN,0.552,NaN,NaN,NaN,NaN,NaN,NaN,2.976,2.976,NaN,NaN,0,0,0,NaN,0,NaN
NaN,NaN,NaN,0,NaN,NaN,NaN,NaN,NaN,NaN,NaN,NaN,NaN,NaN,NaN,0.834,NaN,NaN,NaN,NaN,NaN,0.504,NaN,NaN,NaN,1.022,1.022,1.024,1.377,1.481,1.481,1.5,1.693,1.693,1.764,1.808,1.973,2.061,1.965,2.008,2.061,1.811,1.811,1.846,2.034,1.846,1.798,1.782,1.922,1.658,1.658,1.658,1.366,1.286,1.114,0.693,NaN,NaN,NaN,NaN,NaN,1.569,1.802,1.902,1.902,1.951,NaN,2.045,2.245,2.288,2.245,2.285,2.28,2.28,2.218,2.218,1.98,1.964,1.98,1.98,1.944,2.023,2.121,2.121,1.868,1.816,1.636,1.573,1.6,1.717,1.743,1.922,1.944,2.054,2.084,2.087,2.118,1.874,2.118,1.889,1.874,1.272,NaN,NaN,NaN,1.269,NaN,0.538,0.492,NaN,NaN,NaN,0.459,NaN,0.552,NaN,NaN,1.434,1.434,2.848,NaN,NaN,0,0,0,NaN,0,NaN
NaN,NaN,NaN,0,NaN,NaN,NaN,NaN,0.846,0.87,0.94,1.116,NaN,1.415,NaN,NaN,NaN,1.424,NaN,NaN,0.788,NaN,NaN,NaN,NaN,1.024,1.362,1.377,1.584,1.584,1.584,1.732,1.973,1.973,2.118,2.157,2.026,2.061,2.026,2.008,1.746,1.667,1.565,1.744,1.798,1.798,1.744,1.658,1.525,1.513,1.366,1.366,1.366,NaN,NaN,NaN,NaN,NaN,NaN,NaN,NaN,NaN,1.569,1.742,1.786,1.951,2.019,2.151,2.139,2.3,2.288,2.285,2.299,2.252,2.218,2.008,1.98,1.907,1.889,1.889,1.883,1.862,1.868,1.883,1.881,1.868,1.796,1.636,1.6,1.6,1.833,1.886,1.924,2.054,2.057,2.057,2.087,1.935,2.032,1.966,1.874,1.874,1.801,NaN,2.612,1.706,NaN,NaN,0.492,0.421,NaN,NaN,NaN,0.552,NaN,NaN,1.34,1.434,1.602,2.848,NaN,NaN,0,0,0,NaN,0,NaN
NaN,NaN,NaN,0,NaN,NaN,0.657,0.944,0.944,1.719,1.719,1.719,1.979,1.979,2.127,2.127,2.127,1.898,1.779,1.779,1.677,1.424,1.566,1.284,1.566,1.387,1.56,1.56,1.917,1.917,1.796,2.025,2.121,2.118,2.121,2.026,2.106,2.008,2.008,1.792,1.667,1.547,1.565,1.696,1.744,1.744,1.658,1.513,1.34,1.286,1.095,1.286,1.286,NaN,NaN,NaN,NaN,NaN,NaN,NaN,NaN,1.569,1.569,1.786,1.742,1.823,1.805,2.151,2.151,2.245,2.245,2.245,2.451,2.299,2.29,2.068,1.98,1.944,1.835,1.881,1.862,1.835,1.862,1.862,1.868,1.929,1.951,1.743,1.636,1.636,1.739,1.833,1.944,2.054,1.984,1.984,1.966,1.965,1.966,2.032,1.966,2.032,1.754,2.497,1.706,1.706,0.948,0.708,0.627,0.581,0.725,0.551,NaN,0.725,0.865,1.112,1.391,1.434,1.602,2.809,NaN,NaN,0,0,0,NaN,0,NaN
NaN,NaN,NaN,0,0.721,NaN,1.229,1.457,1.762,1.979,2.669,2.669,2.771,2.669,2.686,2.781,2.558,2.22,2.22,2.187,1.859,1.859,1.67,1.575,1.566,1.575,1.566,1.917,1.917,2.025,1.796,1.917,1.861,2.025,1.973,2.026,2.008,1.792,2.026,1.811,1.667,1.565,1.6,1.617,1.617,1.696,1.513,1.005,0.931,NaN,0.931,NaN,NaN,NaN,NaN,NaN,NaN,NaN,NaN,NaN,NaN,NaN,1.429,1.64,1.742,1.786,1.823,2.021,2.021,2.131,2.245,2.245,2.451,2.331,2.29,2.218,2.046,2.008,1.881,1.881,1.883,1.835,1.802,1.816,1.816,1.929,1.809,1.721,1.655,1.743,1.743,1.833,1.944,2.069,1.965,2.102,2.087,2.116,2.032,2.032,1.874,2.032,1.801,1.546,1.546,1.261,1.098,0.802,NaN,0.668,0.581,0.69,0.725,0.746,0.974,1.34,1.391,1.434,1.885,NaN,NaN,NaN,0,0,0,NaN,0,NaN
NaN,NaN,NaN,0,0.944,1.229,1.457,1.719,2.555,2.872,2.872,2.802,2.952,2.992,2.992,2.781,2.686,2.541,2.403,2.249,2.187,2.142,1.979,1.842,1.575,1.616,1.842,1.923,1.732,1.917,2.025,2.025,2.025,2.127,2.121,2.008,1.725,1.927,2.008,1.927,1.667,1.507,1.617,1.634,1.634,1.617,1.093,0.897,0.844,0.789,0.789,NaN,NaN,NaN,NaN,NaN,NaN,NaN,NaN,NaN,NaN,NaN,NaN,1.64,1.64,1.75,1.868,1.868,2.021,2.131,2.013,2.131,2.399,2.451,2.399,2.218,2.046,2.046,1.964,1.881,1.881,1.835,1.808,1.907,1.809,1.721,1.721,1.79,1.739,1.86,1.823,1.874,1.944,1.984,1.981,2.087,1.966,1.965,2.032,2.032,1.801,1.801,1.546,1.546,1.546,1.098,0.948,0.838,0.708,0.708,0.683,0.732,NaN,0.746,0.974,1.34,1.602,1.602,1.885,NaN,NaN,NaN,0,0,0,NaN,0,NaN
NaN,NaN,NaN,0,1.229,1.381,1.682,2.475,2.777,2.971,2.971,2.952,3.031,3.055,2.992,2.781,2.781,2.568,2.541,2.403,2.328,2.177,2.142,1.923,1.842,1.616,1.842,2.022,2.075,2.075,2.129,2.127,2.121,2.121,2.121,1.798,1.798,1.569,1.792,1.569,1.507,1.43,1.507,1.507,1.6,1.617,0.853,0.755,0.755,0.577,NaN,NaN,NaN,NaN,NaN,NaN,NaN,NaN,NaN,NaN,NaN,NaN,NaN,1.497,1.641,1.75,1.868,1.832,1.832,1.997,1.997,2.131,2.485,2.399,2.331,2.29,2.204,2.204,2.204,2.204,2.067,2.067,1.881,1.809,1.764,1.721,1.721,1.721,1.739,1.739,1.833,1.981,2.102,2.069,1.984,1.984,1.965,1.935,1.966,1.966,1.811,1.556,1.546,NaN,1.261,1.098,0.948,NaN,0.765,0.708,0.725,0.746,0.736,0.763,1.313,1.391,1.555,1.725,2.693,NaN,NaN,NaN,0,0,0,NaN,0,NaN
NaN,NaN,NaN,0,1.229,1.457,2.258,2.475,2.894,3.055,2.971,2.971,2.971,2.992,2.779,2.686,2.686,2.58,2.533,2.328,2.328,2.142,2.117,2.067,2.067,1.923,1.923,1.935,2.116,2.075,2.075,2.075,2.128,1.81,1.733,1.725,1.733,1.465,1.496,1.465,1.496,NaN,1.252,1.202,1.252,1.046,NaN,NaN,0.577,NaN,NaN,NaN,NaN,NaN,NaN,NaN,NaN,NaN,NaN,NaN,NaN,NaN,NaN,1.214,1.64,1.71,1.868,1.782,1.832,2.013,2.013,1.997,2.143,2.358,2.399,2.399,2.29,2.218,2.485,2.342,2.485,2.325,2.325,2.067,1.764,1.655,1.655,1.721,1.664,1.664,1.823,1.981,2.164,2.194,2.164,2.069,1.958,1.941,1.941,1.675,1.701,1.701,1.556,1.365,1.365,1.233,1.024,0.771,0.765,0.765,0.765,0.765,NaN,1.028,1.041,1.481,NaN,2.065,2.376,2.376,NaN,NaN,0,0,0,NaN,0,NaN
NaN,NaN,NaN,0,1.522,2.12,2.475,2.71,2.894,3.086,2.952,2.952,3.011,3.011,2.779,2.779,2.596,2.541,2.52,2.52,2.142,2.117,2.142,2.162,2.117,2.067,1.913,1.935,1.969,2.075,2.075,2.211,2.142,1.875,1.798,1.733,1.733,1.496,1.465,1.496,1.393,1.364,1.252,1.202,NaN,0.844,0.557,NaN,NaN,NaN,NaN,NaN,NaN,NaN,NaN,NaN,NaN,NaN,NaN,NaN,NaN,NaN,0.982,1.56,1.641,1.725,1.854,1.832,1.782,1.891,2.013,2.013,2.013,2.331,2.358,2.358,2.29,2.249,2.485,2.249,2.355,2.434,2.433,1.996,1.984,1.764,1.715,1.664,1.655,1.692,1.734,1.874,2.069,2.076,2.076,2.076,1.933,1.675,1.933,1.933,1.649,1.559,1.535,1.556,1.524,1.174,1.075,NaN,0.683,0.765,0.765,0.765,0.892,1.041,1.313,1.421,1.555,1.725,NaN,NaN,NaN,NaN,0,0,0,NaN,0,NaN
NaN,NaN,NaN,0,1.142,2.242,2.496,2.894,2.894,3.031,3.011,2.996,3.055,3.086,2.779,2.779,2.541,2.541,2.52,2.384,1.88,2.067,2.162,2.177,2.162,2.116,2.116,1.935,1.969,2.323,2.573,2.23,2.142,2.06,1.798,1.798,1.733,1.496,1.465,1.796,1.445,1.283,1.252,1.202,0.874,NaN,NaN,NaN,NaN,NaN,NaN,NaN,NaN,NaN,NaN,NaN,NaN,NaN,NaN,NaN,NaN,NaN,NaN,1.124,1.383,1.725,1.751,1.832,1.782,1.832,1.891,1.997,1.879,2.265,2.357,2.358,2.296,2.355,2.249,2.218,2.249,2.398,2.433,2.325,1.996,1.984,1.968,1.734,1.715,1.84,1.734,1.734,1.853,2.076,2.076,1.933,1.649,1.495,1.913,1.649,1.649,1.535,1.556,1.524,1.365,1.233,1.075,0.765,NaN,0.771,0.771,0.65,1.038,1.041,1.154,1.154,1.742,2.693,NaN,NaN,NaN,NaN,0,0,0,NaN,0,NaN
NaN,NaN,NaN,0,1.522,2.242,2.677,2.738,2.758,3.089,3.086,2.996,2.996,3.011,3.011,3.17,2.665,2.494,2.494,2.258,1.88,1.88,1.986,2.162,2.117,1.983,1.913,1.913,1.935,2.075,2.39,2.23,2.142,2.128,1.798,1.733,1.733,1.439,1.445,1.796,1.691,1.445,1.253,NaN,NaN,NaN,0.395,NaN,NaN,NaN,NaN,NaN,NaN,NaN,NaN,NaN,NaN,NaN,NaN,NaN,NaN,NaN,NaN,NaN,1.437,1.56,1.575,1.782,1.782,1.832,1.727,1.907,1.81,1.919,2.143,2.181,2.218,2.482,2.249,2.296,2.218,2.355,2.398,2.433,2.195,2.002,2.002,1.984,1.821,1.821,1.734,1.761,2.076,1.961,2.076,1.961,1.933,1.6,1.6,1.6,1.558,1.535,1.524,1.524,1.233,1.075,0.87,NaN,0.765,0.65,0.892,NaN,NaN,1.016,1.016,1.154,1.154,1.154,NaN,NaN,NaN,NaN,0,0,0,NaN,0,NaN
NaN,NaN,NaN,0,1.101,1.626,2.242,2.738,3.089,3.089,3.248,3.011,3.088,3.3,3.217,3.17,2.991,2.494,2.128,2.044,1.839,1.839,2.117,2.067,1.986,1.935,1.906,1.925,1.969,2.091,2.23,2.142,2.142,2.142,1.733,1.629,1.733,1.445,1.534,1.821,1.806,1.691,1.253,1.03,NaN,NaN,NaN,NaN,NaN,NaN,NaN,NaN,NaN,NaN,NaN,NaN,NaN,NaN,NaN,NaN,NaN,NaN,NaN,0.903,1.124,1.475,1.575,1.751,1.782,1.828,1.891,1.891,1.657,1.81,1.919,2.143,2.06,2.06,2.011,2.218,2.001,1.95,1.996,2.325,2.195,2.002,2.195,2.002,1.968,1.84,1.853,1.84,1.853,2.076,2.076,1.859,1.717,1.6,1.495,1.495,1.535,1.535,1.524,1.349,1.159,1.061,0.87,0.862,0.87,1.038,NaN,NaN,1.038,1.016,0.936,1.004,NaN,1.154,NaN,NaN,NaN,NaN,0,0,0,NaN,0,0.385
NaN,NaN,NaN,0,NaN,1.68,2.242,2.738,3.248,3.276,3.364,3.364,3.364,3.217,3.17,3.068,2.991,2.33,2.174,2.044,1.986,1.986,2.25,2.064,1.913,1.867,1.867,1.925,1.996,2.091,2.091,2.142,1.972,1.875,1.733,1.629,1.599,1.534,1.534,1.821,1.796,1.691,1.315,1.03,0.495,NaN,NaN,NaN,NaN,NaN,NaN,NaN,NaN,NaN,NaN,NaN,NaN,NaN,NaN,NaN,NaN,NaN,0.585,NaN,1.134,1.437,1.573,1.662,1.738,1.712,1.828,1.657,1.907,1.654,2.076,1.992,2.181,2.011,2.044,2.001,2.006,1.95,2.001,1.967,2.002,2.002,2.106,2.284,2.303,2.053,2.053,2.062,2.109,2.109,2.076,1.859,1.717,1.717,1.527,1.495,1.475,1.42,1.382,1.357,1.138,0.885,0.835,0.862,0.87,1.038,1.087,1.091,1.016,0.938,0.983,0.892,0.849,0.849,NaN,NaN,NaN,NaN,0,0,0,NaN,0,NaN
NaN,NaN,NaN,0,1.455,1.68,2.242,3.186,3.448,3.579,3.579,3.579,3.479,3.217,3.217,3.006,2.747,2.494,2.33,2.174,1.799,1.986,2.064,1.986,1.867,1.808,1.867,1.906,1.983,1.996,1.996,1.925,1.804,1.711,1.629,1.543,1.543,1.534,1.534,1.688,1.609,1.688,1.315,1.03,0.763,NaN,NaN,NaN,NaN,NaN,NaN,NaN,NaN,NaN,NaN,NaN,0.552,NaN,NaN,NaN,NaN,NaN,NaN,0.662,1.069,1.073,1.475,1.515,1.662,1.662,1.662,1.662,2.076,2.076,1.816,2.06,2.06,2.044,2.011,2.006,2.006,2.001,2.001,2.002,2.045,2.106,2.002,2.303,2.106,2.062,2.167,2.109,2.109,2.168,2.251,1.961,1.859,1.643,1.6,1.475,1.415,1.392,1.357,1.131,0.885,0.87,0.835,NaN,0.819,0.915,1.087,1.016,1.004,0.917,0.938,0.849,0.849,NaN,NaN,NaN,NaN,NaN,0,0,0,NaN,0,NaN
NaN,NaN,NaN,0,NaN,1.73,2.738,3.061,3.579,3.737,3.732,3.579,3.609,3.378,3.378,3.068,2.747,2.482,2.33,2.188,1.83,2.179,1.787,1.867,1.808,1.867,1.818,1.867,1.889,1.925,1.925,1.746,1.665,1.599,1.599,1.599,1.516,1.424,1.489,1.609,1.609,1.688,1.407,1.03,0.769,NaN,NaN,NaN,NaN,NaN,NaN,NaN,NaN,NaN,NaN,NaN,NaN,NaN,NaN,NaN,NaN,NaN,NaN,NaN,NaN,1.073,1.14,1.337,1.515,1.845,1.662,1.837,1.845,2.104,1.816,2.076,2.044,2.177,2.001,2.06,2.001,2.001,1.735,1.967,2.002,2.002,2.093,2.198,2.167,2.053,2.053,2.109,2.167,2.053,2.109,1.961,1.859,1.733,1.603,1.459,1.393,1.305,1.154,1.131,0.885,0.862,0.766,0.766,0.819,0.904,0.915,0.983,0.983,1.004,0.983,0.892,NaN,NaN,NaN,NaN,NaN,NaN,0,0,0,NaN,0,NaN
NaN,NaN,NaN,0,0.927,1.684,2.985,3.282,3.579,3.737,3.732,3.609,3.284,3.309,3.309,3.006,2.991,2.72,2.33,2.292,2.179,2.032,2.032,1.787,1.8,1.808,1.818,1.818,1.818,1.804,1.537,1.624,1.665,1.629,1.599,1.609,1.489,1.516,1.556,1.585,1.594,1.594,1.455,1.218,0.899,0.899,NaN,NaN,NaN,NaN,NaN,NaN,NaN,NaN,NaN,NaN,NaN,NaN,NaN,NaN,NaN,NaN,NaN,NaN,NaN,1.069,1.14,1.337,1.34,1.599,1.694,1.745,1.745,1.837,1.837,1.816,2.044,2.044,2.044,2.006,1.964,1.874,1.874,2.006,2.064,2.064,2.198,2.198,2.25,2.25,2.198,2.109,2.109,2.109,2.109,1.981,1.717,1.733,1.603,1.393,1.061,1.061,0.936,0.672,0.76,NaN,0.713,0.713,0.766,0.819,0.88,NaN,0.983,1.087,NaN,1.27,0.774,NaN,NaN,NaN,NaN,NaN,0,0,0,NaN,0,NaN
NaN,NaN,NaN,0,1.684,1.73,2.296,3.308,3.459,3.448,3.284,3.732,3.284,3.259,3.009,3.009,3.001,2.72,2.457,2.319,2.179,2.032,2.109,1.745,1.8,1.802,1.802,1.747,1.802,1.747,1.558,1.624,1.558,1.629,1.629,1.641,1.516,1.489,1.556,1.556,1.609,1.571,1.585,1.407,1.304,NaN,NaN,NaN,NaN,NaN,NaN,NaN,NaN,NaN,NaN,NaN,NaN,NaN,NaN,NaN,NaN,NaN,NaN,NaN,NaN,NaN,NaN,1.218,1.337,1.34,1.348,1.599,1.694,1.669,1.745,NaN,2.104,1.964,2.044,1.964,1.964,1.964,2.006,2.045,2.093,2.106,2.198,2.198,2.303,2.25,2.184,2.125,2.192,2.125,1.981,1.866,1.643,1.55,1.459,1.192,0.836,0.767,0.666,0.666,0.672,NaN,NaN,NaN,0.819,0.819,0.88,0.878,0.983,0.878,0.88,NaN,1.27,NaN,NaN,NaN,NaN,NaN,0,0,0,NaN,0,NaN
NaN,NaN,NaN,0,0.769,1.684,2.296,3.282,3.308,3.646,3.732,3.609,3.259,3.236,3.056,3.164,3.056,2.765,2.482,2.319,2.283,2.178,1.888,1.596,1.668,1.8,1.747,1.624,1.747,1.553,1.537,1.558,1.629,1.629,1.641,1.641,1.629,1.556,1.454,1.454,1.609,1.609,1.609,1.562,1.668,1.195,NaN,NaN,NaN,0.377,NaN,NaN,NaN,NaN,NaN,NaN,NaN,NaN,NaN,NaN,NaN,NaN,NaN,NaN,NaN,0.61,0.815,1.123,1.229,1.151,1.348,1.545,1.649,1.546,1.681,1.669,1.681,1.702,2.188,1.735,1.942,1.964,2.064,2.053,2.064,2.245,2.198,2.543,2.198,2.25,2.032,2.072,2.11,2.125,2.072,1.866,1.55,1.55,1.351,0.836,0.767,0.672,0.666,0.666,0.672,0.73,NaN,NaN,0.819,0.854,0.88,NaN,0.88,0.849,0.88,0.815,NaN,NaN,NaN,NaN,NaN,NaN,0,0,0,NaN,0,NaN
NaN,NaN,NaN,0,NaN,0.854,2.296,2.985,3.646,3.646,3.756,3.284,3.284,3.284,3.056,3.009,3.001,2.765,2.623,2.409,2.23,2.178,1.888,1.745,1.596,1.802,1.596,1.526,1.534,1.534,1.553,1.526,1.74,1.665,1.774,1.629,1.641,1.556,1.556,1.513,1.585,1.687,1.803,1.75,1.687,1.427,NaN,NaN,0.961,NaN,NaN,NaN,NaN,NaN,NaN,NaN,0.383,NaN,NaN,NaN,NaN,NaN,NaN,NaN,NaN,0.617,0.665,0.782,1.133,1.151,1.228,1.349,1.515,1.546,1.649,1.669,1.649,1.681,1.702,1.794,1.923,1.923,1.966,2.064,2.088,2.154,2.553,2.553,2.184,2.198,2.072,2.125,2.125,2.11,2.072,1.686,1.55,1.459,1.351,0.836,0.697,0.666,NaN,0.658,0.73,0.73,0.811,NaN,0.832,1.098,0.854,0.849,0.849,0.88,0.841,NaN,NaN,NaN,NaN,0.549,NaN,NaN,0,0,0,NaN,0,NaN
NaN,NaN,NaN,0,NaN,0.769,1.253,2.739,3.308,4.087,4.293,3.497,3.284,3.236,3.056,2.833,3.001,2.665,2.56,2.536,2.292,2.178,2.077,1.931,1.859,1.755,1.468,1.526,1.468,1.446,1.446,1.526,1.774,1.774,1.821,1.629,1.707,1.78,1.707,1.707,1.78,1.803,1.803,1.853,1.75,1.75,1.315,1.217,NaN,NaN,NaN,NaN,NaN,NaN,NaN,NaN,NaN,NaN,NaN,NaN,NaN,NaN,NaN,NaN,0.602,0.602,0.665,NaN,0.851,1.136,1.136,1.228,1.342,1.515,1.628,1.649,1.628,1.586,1.642,1.702,1.642,1.923,1.978,2.031,2.088,2.127,2.154,2.032,2.184,2.184,2.184,2.137,2.137,2.072,2.11,1.686,1.47,1.459,1.327,1.192,0.799,NaN,NaN,0.648,0.73,0.73,0.832,0.863,0.887,1.062,1.161,1.087,0.841,NaN,0.815,NaN,NaN,NaN,NaN,NaN,NaN,NaN,0,0,0,NaN,0,NaN
NaN,NaN,NaN,0,NaN,0.77,1.02,2.558,3.244,3.497,4.293,4.542,3.756,3.65,3.164,2.839,2.71,2.623,2.56,2.623,2.361,2.222,2.077,1.953,1.859,1.755,1.696,1.446,1.468,1.446,1.446,1.446,1.618,1.774,1.821,1.641,1.62,1.707,1.734,1.797,1.803,1.862,1.853,1.853,1.75,1.668,1.427,1.217,NaN,NaN,NaN,NaN,NaN,NaN,NaN,NaN,NaN,NaN,NaN,NaN,NaN,NaN,NaN,NaN,NaN,0.585,0.617,NaN,0.823,1.052,1.123,1.151,1.349,1.546,1.628,1.913,1.628,1.586,1.586,1.874,1.642,1.874,1.874,1.978,1.99,2.053,2.085,2.085,2.032,2.072,2.072,2.184,2.32,2.072,2.039,1.686,1.574,1.459,1.417,1.32,0.799,0.767,NaN,0.697,NaN,0.811,0.887,1.028,1.155,1.155,NaN,NaN,1.098,NaN,NaN,NaN,NaN,NaN,NaN,NaN,NaN,NaN,0,0,0,NaN,0,NaN
NaN,NaN,NaN,0,NaN,0.77,0.9,2.43,2.716,3.497,4.458,4.542,3.702,3.702,3.336,3.046,2.839,2.697,2.665,2.665,2.409,2.272,2.112,1.931,1.931,1.755,1.755,1.594,1.446,1.358,1.442,1.61,1.54,1.62,1.62,1.755,1.62,1.546,1.546,1.734,1.803,1.862,1.853,1.75,1.853,1.853,1.75,1.392,1.393,NaN,NaN,NaN,NaN,NaN,NaN,NaN,NaN,NaN,NaN,NaN,NaN,0.896,NaN,NaN,0.638,NaN,0.691,0.796,0.823,0.851,0.851,1.136,1.349,1.628,1.628,1.445,1.445,1.472,1.627,1.567,1.627,1.794,1.794,1.78,1.937,2.025,2.025,2.085,2.085,2.032,1.984,2.137,2.11,1.984,1.848,1.848,1.676,1.692,1.506,1.417,1.31,0.799,0.697,NaN,0.863,0.887,1.028,1.155,1.062,1.24,1.155,1.24,0.95,NaN,NaN,NaN,NaN,NaN,NaN,NaN,NaN,NaN,0,0,0,NaN,0,NaN
NaN,NaN,NaN,0,NaN,NaN,1.02,2.042,2.558,3.244,3.702,3.702,3.702,3.702,3.702,3.2,2.839,3.023,2.921,2.895,2.547,2.476,2.222,2.077,1.953,1.859,1.755,1.61,1.446,1.358,1.358,1.358,1.442,1.62,1.526,1.546,1.442,1.526,1.503,1.741,1.734,1.741,1.884,1.858,1.858,1.858,1.858,1.858,1.393,NaN,NaN,NaN,NaN,NaN,NaN,NaN,NaN,NaN,NaN,NaN,NaN,NaN,0.913,0.852,NaN,0.766,NaN,0.796,NaN,0.835,0.835,1.147,1.342,1.342,1.417,1.918,1.445,1.445,1.627,1.874,1.794,1.627,1.567,1.703,1.78,1.937,1.937,1.987,1.788,1.788,1.75,1.984,1.984,1.984,1.848,1.848,1.848,1.872,1.848,1.586,1.31,0.815,0.742,0.704,0.752,0.887,1.062,1.273,1.199,1.396,1.199,1.396,NaN,NaN,NaN,NaN,NaN,NaN,NaN,NaN,NaN,NaN,0,0,0,NaN,0,NaN
NaN,NaN,NaN,0,NaN,NaN,NaN,1.253,2.43,2.711,3.497,3.548,4.642,4.642,3.705,3.366,3.705,3.023,3.022,2.921,2.895,2.476,2.222,2.083,1.859,1.755,1.594,1.651,1.384,1.384,1.283,1.308,1.423,1.442,1.423,1.404,1.404,1.404,1.424,1.626,1.656,1.713,1.713,1.853,1.914,2.049,2.049,2.049,1.393,NaN,NaN,NaN,NaN,NaN,NaN,NaN,NaN,NaN,NaN,1.344,1.344,1.212,1.05,0.913,0.913,0.896,0.897,0.83,NaN,0.835,1.045,1.066,1.147,1.355,NaN,1.445,1.445,1.852,1.852,1.805,1.627,1.567,1.566,1.538,1.703,1.502,1.78,1.615,1.75,1.615,1.75,1.75,1.984,1.984,1.991,1.899,1.899,2.039,1.872,1.832,1.545,1.31,0.815,0.759,0.886,1.084,1.273,1.273,1.273,1.11,1.396,0.679,NaN,NaN,NaN,NaN,NaN,NaN,NaN,NaN,0.423,NaN,0,0,0,NaN,0,NaN
NaN,NaN,NaN,0,NaN,NaN,NaN,1.224,2.131,2.558,3.024,3.643,4.087,3.954,3.761,3.761,3.761,3.552,3.235,3.022,2.895,2.476,2.222,2.083,1.908,1.651,1.651,1.476,1.594,1.283,1.399,1.179,1.458,1.492,1.362,1.362,1.397,1.397,1.397,1.44,1.503,1.685,1.713,1.858,2.106,1.914,2.049,1.858,1.498,NaN,NaN,NaN,NaN,NaN,NaN,NaN,1.031,NaN,1.344,1.379,1.379,1.379,1.212,1.143,1.05,1.143,1.032,NaN,0.909,1.045,1.147,1.147,1.146,1.177,1.24,1.266,1.445,1.445,1.536,1.627,1.567,1.538,1.382,1.39,1.458,1.49,1.505,1.49,1.49,1.615,1.703,1.846,1.991,1.991,1.991,1.899,1.991,2.152,1.91,1.88,1.832,1.461,1.31,0.886,1.461,1.315,1.298,1.221,1.221,NaN,NaN,0.679,NaN,NaN,NaN,NaN,NaN,NaN,NaN,NaN,NaN,NaN,0,0,0,NaN,0,NaN
NaN,NaN,NaN,0,NaN,NaN,NaN,1.223,1.224,2.682,2.992,3.643,3.832,3.924,3.924,3.924,3.871,3.761,3.12,3.023,2.768,2.33,2.223,2.083,1.925,1.75,1.621,1.617,1.617,1.399,1.399,1.458,1.423,1.423,1.362,1.397,1.397,1.306,1.397,1.424,1.484,1.644,1.741,1.909,1.914,2.126,1.918,1.624,1.354,1.282,NaN,NaN,NaN,NaN,0.723,NaN,1.15,1.357,1.36,1.404,1.437,1.572,1.492,1.49,1.49,1.328,1.303,1.28,1.209,1.147,1.147,1.147,1.183,1.355,1.445,1.24,1.445,1.324,1.324,1.456,1.627,1.456,1.382,1.39,1.458,1.49,1.458,1.49,1.49,1.505,1.692,1.846,1.977,1.991,1.991,1.991,1.968,1.968,1.968,1.91,1.788,1.609,1.398,1.398,1.505,1.505,1.315,1.221,1.111,1.053,0.873,0.563,NaN,NaN,NaN,NaN,NaN,NaN,NaN,NaN,NaN,NaN,0,0,0,NaN,0,NaN
NaN,NaN,0.36,0,NaN,NaN,NaN,NaN,1.223,2.042,2.79,3.475,3.832,4.087,4.245,4.011,3.92,3.778,3.552,3.341,2.895,2.5,2.294,2.177,1.967,1.871,1.925,1.962,1.925,1.617,NaN,1.458,1.43,1.423,1.164,1.423,1.448,1.44,1.397,1.448,1.484,1.644,1.685,1.909,1.685,2.138,2.163,1.624,1.282,1.243,NaN,NaN,NaN,NaN,NaN,1.082,1.15,1.36,1.739,1.572,1.76,1.802,1.722,1.629,1.594,1.485,1.485,1.32,1.314,1.209,NaN,NaN,1.183,1.24,1.266,1.24,1.266,1.33,1.33,1.33,1.456,1.382,1.375,1.375,1.382,1.47,1.458,1.479,1.479,1.505,1.66,1.977,2.05,2.265,1.976,1.987,1.88,1.643,1.88,1.832,1.591,1.447,1.609,1.609,1.461,1.327,1.315,1.221,1.111,0.74,NaN,NaN,NaN,NaN,NaN,NaN,NaN,NaN,NaN,NaN,NaN,NaN,0,0,0,NaN,0,NaN
NaN,NaN,NaN,0,NaN,NaN,NaN,NaN,1.026,1.722,2.682,2.841,3.735,4.087,3.965,3.937,3.871,3.92,3.92,3.341,3.165,2.768,2.294,2.32,2.206,2.206,1.925,2.126,2.126,2.126,1.962,1.96,1.608,1.492,1.646,1.773,1.873,1.773,1.448,1.778,1.685,NaN,1.644,1.685,1.685,1.918,1.918,1.654,1.354,1.243,NaN,NaN,NaN,NaN,NaN,1.15,1.36,1.733,1.823,1.739,1.881,1.802,1.722,1.674,1.594,1.674,1.485,1.328,1.303,1.303,1.208,1.183,1.183,1.24,1.394,1.403,1.33,1.33,1.485,1.456,1.33,1.375,1.318,1.315,1.332,1.375,1.39,1.43,1.479,1.479,1.479,1.85,1.976,1.976,1.581,1.581,1.581,1.45,1.591,1.591,1.447,1.609,1.746,1.63,1.609,1.42,1.397,1.214,1.111,NaN,NaN,NaN,NaN,NaN,NaN,NaN,NaN,NaN,NaN,NaN,NaN,NaN,0,0,0,NaN,0,NaN
NaN,NaN,NaN,0,NaN,NaN,NaN,NaN,NaN,1.026,1.86,2.663,3.293,3.735,3.832,4.121,3.921,3.921,3.937,3.825,3.327,3.279,2.645,2.408,2.408,2.32,2.309,2.32,2.355,2.202,2.171,1.962,1.962,1.962,2.112,2.181,2.097,1.941,1.873,1.778,1.778,1.764,1.909,2.107,2.128,2.107,1.939,1.892,1.498,1.243,NaN,0.779,NaN,1.329,1.313,1.329,1.36,1.728,1.739,1.881,1.825,1.674,1.674,1.674,1.674,1.674,1.485,1.349,1.32,1.303,1.208,1.32,1.319,1.403,1.403,1.403,1.386,1.403,1.485,1.456,1.318,1.375,1.318,1.315,1.318,1.307,1.281,1.212,1.322,1.325,1.747,1.832,1.832,1.48,1.432,1.554,1.591,1.45,1.324,1.45,1.447,1.612,1.63,1.63,1.66,1.66,1.42,1.315,1.111,NaN,NaN,NaN,NaN,NaN,NaN,NaN,NaN,NaN,NaN,NaN,NaN,NaN,0,0,0,NaN,0,NaN
NaN,NaN,NaN,0,NaN,NaN,NaN,NaN,NaN,NaN,1.859,1.968,2.663,3.475,3.823,4.121,4.169,4.056,3.92,3.528,3.327,3.29,3.029,2.408,2.453,2.453,2.597,2.463,2.42,2.393,2.282,2.202,2.066,1.996,2.097,2.181,2.254,2.124,1.993,1.778,1.778,1.945,2.045,2.107,2.128,2.253,1.958,1.892,1.454,1.243,NaN,0.928,1.246,1.329,1.494,1.668,1.527,1.581,1.581,1.739,1.733,1.589,1.594,1.589,1.674,1.722,1.682,1.588,1.349,1.288,1.288,1.349,1.51,1.572,1.519,1.485,NaN,1.392,1.386,1.33,1.33,1.318,1.318,1.332,1.332,1.281,1.281,1.212,1.281,1.212,1.296,1.325,1.367,1.367,1.324,1.48,1.621,1.536,1.483,1.483,1.447,1.612,1.614,1.673,1.66,1.673,1.397,1.397,0.74,NaN,NaN,NaN,NaN,NaN,NaN,NaN,NaN,NaN,NaN,NaN,NaN,NaN,0,0,0,0.353,0,NaN
NaN,NaN,NaN,0,NaN,NaN,NaN,NaN,NaN,NaN,1.426,1.859,1.968,3.293,3.566,3.864,3.921,3.883,3.327,3.165,3.29,3.165,3.029,2.731,2.655,2.597,2.719,2.655,2.463,2.393,2.393,2.202,2.172,2.066,2.112,2.254,2.263,2.254,1.993,1.798,1.798,1.945,2.045,2.103,2.083,2.083,1.958,1.892,1.454,1.253,1.205,1.246,1.419,1.492,1.494,1.494,1.585,1.527,1.527,1.527,1.527,1.458,1.458,1.565,1.565,1.588,1.731,1.769,1.769,1.588,1.593,1.319,1.572,1.702,1.572,1.497,1.43,1.392,1.386,1.43,1.519,1.318,1.318,1.318,1.307,1.281,1.281,1.208,1.128,1.212,1.296,1.296,1.16,1.356,1.255,1.324,1.407,1.324,1.407,1.536,1.536,1.614,1.66,1.762,1.746,1.746,1.573,1.316,NaN,NaN,NaN,NaN,NaN,NaN,NaN,NaN,NaN,NaN,NaN,NaN,NaN,NaN,0,0,0,NaN,0,NaN
NaN,NaN,NaN,0,NaN,NaN,NaN,NaN,NaN,NaN,NaN,NaN,1.859,2.46,3.293,3.265,3.658,3.658,3.658,3.279,3.165,3.152,3.029,2.959,2.91,2.828,2.731,2.542,2.597,2.597,2.425,2.336,2.181,2.149,2.181,2.254,2.263,2.254,1.805,1.764,1.805,1.919,1.919,2.086,1.744,1.958,1.744,1.892,1.454,NaN,1.419,1.704,1.419,1.585,1.679,1.668,1.585,1.585,1.527,1.458,1.493,1.426,1.408,1.407,1.674,1.682,1.747,1.796,1.682,1.593,1.707,1.602,1.702,1.707,1.702,1.518,1.497,1.43,1.386,1.376,1.376,1.318,1.318,1.421,1.307,1.281,1.281,1.208,NaN,1.299,1.296,1.16,1.356,1.356,1.247,1.247,1.536,1.407,1.407,1.483,1.614,1.663,1.762,1.746,1.762,1.673,1.801,0.782,NaN,NaN,NaN,NaN,NaN,NaN,NaN,NaN,NaN,NaN,NaN,NaN,NaN,NaN,0,0,0,NaN,0,NaN
NaN,NaN,NaN,0,NaN,NaN,NaN,NaN,NaN,NaN,NaN,NaN,NaN,1.859,2.46,2.893,3.265,3.265,3.265,3.327,3.29,3.279,3.152,3.152,3.086,3.058,2.91,2.837,2.837,2.597,2.42,2.495,2.172,2.149,2.149,2.374,2.021,1.92,1.92,1.805,1.805,1.805,1.919,1.974,1.974,1.744,1.744,1.726,1.726,1.726,1.726,1.852,1.668,1.704,1.826,1.757,1.585,1.585,1.489,1.489,1.489,1.426,1.408,1.491,1.438,1.438,1.747,1.791,1.769,1.769,1.808,1.602,1.702,1.707,1.702,1.549,1.497,1.386,1.316,1.376,1.409,1.586,1.51,1.57,1.307,NaN,1.306,1.296,1.299,1.318,1.367,1.361,1.367,1.356,1.367,1.407,1.536,1.536,1.536,1.644,1.663,1.762,1.791,1.762,1.673,1.492,1.316,NaN,NaN,NaN,NaN,NaN,NaN,NaN,NaN,NaN,NaN,NaN,NaN,NaN,NaN,NaN,0,0,0,NaN,0,NaN
NaN,NaN,NaN,0,NaN,NaN,NaN,NaN,NaN,NaN,NaN,NaN,NaN,1.774,1.82,2.109,2.622,2.893,2.984,3.123,3.123,3.379,3.29,3.29,3.251,3.615,3.058,3.058,2.837,2.763,2.763,2.566,2.279,2.149,2.149,2.045,2.195,2.195,2.045,1.919,1.919,1.818,1.818,1.919,1.942,1.744,1.726,1.595,1.846,1.852,1.852,1.757,1.539,1.757,1.757,1.757,1.585,1.65,1.65,1.591,1.591,1.493,1.493,1.408,1.408,1.491,1.682,1.791,1.588,1.791,1.582,1.602,1.549,1.704,1.602,1.549,1.549,1.497,1.43,1.656,1.662,1.656,1.656,1.57,1.421,1.547,1.51,1.318,1.318,1.399,1.361,1.399,1.399,1.367,1.247,1.441,1.441,1.536,1.776,1.94,1.94,1.91,1.791,1.791,1.403,NaN,0.782,NaN,NaN,NaN,NaN,NaN,NaN,NaN,NaN,NaN,NaN,NaN,NaN,NaN,NaN,NaN,0,0,0,NaN,0,NaN
NaN,NaN,NaN,0,NaN,NaN,NaN,NaN,NaN,NaN,NaN,NaN,NaN,NaN,1.635,1.626,1.635,2.109,2.625,2.94,3.251,3.29,3.29,3.213,3.723,3.615,3.595,3.213,2.837,2.542,2.542,2.566,2.374,2.495,2.374,2.374,2.296,2.296,2.158,2.158,2.013,1.974,1.974,1.791,1.744,1.691,1.744,1.691,1.846,1.846,1.852,1.714,1.763,1.714,1.757,1.657,1.803,1.489,1.65,1.645,1.65,1.645,1.591,1.591,1.491,1.591,1.559,1.791,1.682,1.846,1.59,1.562,1.481,1.549,1.549,1.518,1.549,1.564,1.564,1.662,1.662,1.656,1.57,1.57,1.492,1.547,1.547,1.614,1.613,1.613,1.594,1.707,1.687,1.707,1.687,1.776,1.54,1.94,2.125,2.247,2.518,2.247,1.791,1.762,1.48,NaN,0.455,NaN,0.407,NaN,NaN,NaN,NaN,NaN,NaN,NaN,NaN,NaN,NaN,NaN,NaN,NaN,0,0,0,NaN,0,NaN
NaN,NaN,NaN,0,NaN,NaN,NaN,NaN,NaN,NaN,NaN,NaN,NaN,NaN,NaN,NaN,1.492,1.626,1.733,2.593,2.98,3.152,3.152,3.263,3.723,3.678,3.595,3.266,2.763,2.763,2.821,2.279,2.279,2.81,2.539,2.419,2.419,2.419,2.195,2.158,2.158,2.417,2.417,2.086,1.974,2.086,1.744,1.846,1.898,1.898,1.714,1.692,1.714,1.657,1.758,1.888,1.888,1.888,1.797,1.687,1.687,1.746,1.674,1.674,1.619,1.591,1.619,1.682,1.682,1.59,1.582,1.481,1.408,1.481,1.484,1.505,1.518,1.564,1.564,1.592,1.529,1.529,1.662,1.614,1.614,1.614,1.672,1.672,1.717,1.707,1.687,1.732,1.861,1.861,1.996,2.125,2.143,2.72,2.966,2.518,2.518,2.247,1.497,1.403,0.873,NaN,NaN,NaN,NaN,NaN,NaN,NaN,NaN,NaN,NaN,NaN,NaN,NaN,NaN,NaN,NaN,NaN,0,0,0,NaN,0,NaN
NaN,NaN,NaN,0,NaN,NaN,NaN,NaN,NaN,NaN,NaN,NaN,NaN,NaN,NaN,NaN,1.165,1.217,1.492,1.626,2.593,2.98,3.056,3.056,3.076,3.076,3.595,3.266,3.183,2.693,2.763,2.476,2.539,2.855,2.81,2.558,2.637,2.296,2.195,2.176,2.176,2.422,2.535,2.528,2.417,2.426,2.212,2.103,1.898,1.763,1.714,1.714,1.714,1.714,1.826,1.967,1.967,1.888,1.78,1.797,1.773,1.797,1.746,1.773,1.7,1.7,1.791,1.791,1.782,1.59,1.562,1.408,1.408,1.408,1.408,1.472,1.564,1.505,1.529,1.564,1.656,1.662,1.529,1.614,1.851,1.9,1.9,1.9,1.927,1.927,1.861,1.927,2.016,2.059,2.23,2.797,2.876,3.026,3.021,3.021,2.44,2.029,1.441,1.386,NaN,NaN,NaN,NaN,NaN,0.399,NaN,NaN,NaN,NaN,NaN,NaN,NaN,NaN,NaN,NaN,NaN,NaN,0,0,0,NaN,0,NaN
NaN,NaN,NaN,0,NaN,NaN,NaN,NaN,NaN,NaN,NaN,NaN,0.415,NaN,NaN,NaN,NaN,0.825,NaN,1.492,1.609,1.925,2.825,2.98,2.98,2.825,2.777,3.183,3.164,2.935,2.648,2.476,2.539,2.855,2.855,2.637,2.637,2.419,2.296,2.323,2.535,2.535,2.528,2.613,2.551,2.638,2.295,2.295,2.066,1.926,1.763,1.763,1.714,1.913,1.966,1.967,1.998,2.044,1.985,1.967,1.853,1.884,1.853,1.914,1.891,1.914,1.891,1.914,1.799,1.836,1.562,1.46,1.408,1.408,1.408,1.505,1.564,1.505,1.564,1.654,1.734,1.851,1.861,1.851,2.007,2.104,2.104,2.037,2.037,2.13,2.059,2.23,2.566,2.576,2.797,3.212,3.212,3.143,2.876,2.776,2.029,1.497,1.403,0.931,NaN,NaN,NaN,NaN,NaN,NaN,NaN,NaN,NaN,NaN,NaN,NaN,NaN,NaN,NaN,NaN,NaN,NaN,0,0,0,NaN,0,NaN
NaN,NaN,NaN,0,NaN,NaN,NaN,NaN,NaN,NaN,NaN,NaN,NaN,NaN,NaN,NaN,NaN,NaN,0.825,1.088,1.46,NaN,1.925,2.257,2.388,2.522,2.638,2.693,2.648,2.469,2.469,2.476,2.648,2.837,2.637,2.558,2.54,2.419,2.419,2.558,2.54,2.417,2.528,2.638,2.528,2.426,2.309,2.103,2.094,1.926,1.898,1.828,1.789,1.913,2.032,2.044,2.136,2.146,2.136,2.146,1.985,2.057,1.982,2.057,2.114,2.114,2.07,1.914,1.854,1.836,1.782,1.65,1.666,1.65,1.487,1.505,1.758,1.592,1.654,1.592,1.969,2.007,2.273,2.311,2.188,2.188,2.403,2.501,2.578,2.666,2.771,2.906,2.657,2.906,3.014,3.212,3.246,3.143,2.876,2.203,1.648,1.386,0.931,NaN,NaN,NaN,NaN,NaN,NaN,NaN,NaN,NaN,NaN,NaN,0.402,NaN,NaN,NaN,NaN,NaN,NaN,NaN,0,0,0,NaN,0,NaN
NaN,NaN,NaN,0,NaN,NaN,NaN,NaN,NaN,NaN,NaN,NaN,NaN,NaN,NaN,NaN,NaN,NaN,NaN,NaN,NaN,NaN,NaN,NaN,1.46,1.709,1.998,2.195,2.233,2.343,2.469,2.469,2.343,2.637,2.55,2.419,2.286,2.286,2.247,2.176,2.41,2.41,2.529,2.41,2.295,2.24,2.189,2.066,1.926,1.828,1.828,1.692,1.758,1.849,1.998,2.062,2.062,2.171,2.171,2.146,1.985,1.985,2.057,2.057,2.12,2.125,2.125,2.07,2.07,1.836,1.971,1.836,1.817,1.836,1.817,1.817,1.817,2.057,2.057,2.226,2.604,2.486,2.604,2.569,2.569,2.501,2.666,2.771,2.911,2.984,3.044,3.293,3.014,3.66,3.666,3.195,3.095,2.876,2.762,2.013,1.497,0.931,NaN,NaN,NaN,NaN,NaN,NaN,NaN,NaN,NaN,NaN,NaN,NaN,NaN,NaN,NaN,NaN,NaN,NaN,NaN,NaN,0,0,0,NaN,0,NaN
NaN,NaN,NaN,0,NaN,NaN,NaN,NaN,NaN,NaN,NaN,NaN,NaN,NaN,NaN,NaN,NaN,NaN,NaN,NaN,NaN,NaN,NaN,1.235,0.667,1.235,1.352,1.709,1.975,1.998,1.975,1.942,2.04,2.286,1.854,2.247,2.247,2.067,2.067,2.247,2.261,2.159,2.24,2.159,1.739,1.635,1.541,1.523,1.541,1.523,NaN,1.523,1.289,1.638,1.849,1.966,1.998,1.998,2.146,1.914,1.982,1.982,2.016,1.914,2.077,2.125,2.13,2.127,2.13,2.122,2.209,2.264,2.178,2.2,2.178,2.178,2.226,2.543,2.677,2.874,2.752,2.837,2.818,2.818,2.818,2.91,2.911,2.984,3.312,3.312,3.66,3.66,3.666,3.195,3.195,3.095,3.095,2.762,1.648,1.113,0.877,0.77,NaN,NaN,NaN,NaN,NaN,NaN,NaN,NaN,NaN,0.439,NaN,NaN,NaN,NaN,NaN,NaN,NaN,NaN,NaN,NaN,0,0,0,NaN,0,NaN
NaN,NaN,NaN,0,NaN,NaN,NaN,NaN,NaN,NaN,NaN,NaN,NaN,NaN,NaN,NaN,NaN,NaN,NaN,NaN,NaN,NaN,NaN,0.524,NaN,NaN,0.917,1.002,1.101,1.901,1.844,1.811,1.808,1.808,1.731,1.689,1.724,1.731,1.738,2.026,1.982,1.739,1.739,1.793,1.661,1.212,1.118,1.212,1.109,NaN,0.653,NaN,0.99,1.021,1.289,1.506,1.567,1.64,1.985,1.985,2.016,2.016,2.016,2.057,2.057,2.072,2.072,2.209,2.209,2.209,2.269,2.269,2.178,2.2,2.179,2.243,2.243,2.404,2.677,2.97,2.97,2.874,2.863,2.91,3.033,3.147,3.147,3.312,3.325,3.818,3.976,3.976,3.66,3.237,3.095,3.014,2.203,1.526,1.113,NaN,NaN,NaN,NaN,NaN,NaN,NaN,NaN,NaN,NaN,NaN,NaN,NaN,NaN,NaN,NaN,NaN,NaN,NaN,NaN,NaN,NaN,NaN,0,0,0,NaN,0,NaN
NaN,NaN,NaN,0,NaN,NaN,NaN,NaN,NaN,NaN,NaN,NaN,NaN,NaN,NaN,NaN,NaN,NaN,NaN,NaN,NaN,NaN,NaN,NaN,NaN,NaN,NaN,NaN,0.917,1.002,1.101,1.24,1.79,1.25,1.448,1.39,1.448,1.39,1.689,1.489,1.724,1.489,1.661,1.118,1.118,1.109,1.091,NaN,0.653,0.601,0.601,0.642,NaN,0.973,1.012,1.252,1.272,1.458,1.567,1.718,1.914,2.077,2.032,2.077,1.847,2.072,2.072,2.377,2.264,2.2,2.269,2.269,2.269,2.2,2.243,2.179,2.395,2.404,2.691,2.798,2.97,3.019,3.019,3.033,3.147,3.446,3.573,3.818,3.573,3.818,3.818,3.666,3.66,3.237,3.014,2.965,1.526,NaN,NaN,0.578,NaN,NaN,NaN,NaN,NaN,NaN,NaN,NaN,NaN,NaN,NaN,NaN,NaN,NaN,NaN,NaN,NaN,NaN,NaN,NaN,NaN,NaN,0,0,0,NaN,0,NaN
NaN,NaN,NaN,0,NaN,NaN,NaN,NaN,NaN,NaN,NaN,NaN,NaN,NaN,NaN,NaN,NaN,NaN,NaN,NaN,NaN,NaN,NaN,NaN,NaN,NaN,NaN,0.615,NaN,NaN,NaN,1.006,1.202,1.24,1.072,1.052,1.052,0.947,0.947,1.061,1.061,1.061,1.061,NaN,NaN,NaN,NaN,NaN,NaN,NaN,0.513,0.513,NaN,NaN,0.886,0.99,0.99,1.272,1.458,1.718,2.016,2.118,2.032,2.077,2.077,1.929,2.072,2.303,2.264,2.264,2.264,2.411,2.269,2.411,2.269,2.395,2.404,2.404,2.772,2.97,3.025,3.022,3.032,3.432,3.573,3.67,3.948,3.964,3.948,3.787,3.658,3.422,3.095,3.095,2.965,1.581,NaN,0.955,NaN,0.475,NaN,NaN,NaN,NaN,NaN,NaN,NaN,NaN,NaN,NaN,NaN,NaN,NaN,NaN,NaN,NaN,NaN,NaN,NaN,NaN,NaN,NaN,0,0,0,NaN,0,NaN
NaN,NaN,NaN,0,NaN,NaN,NaN,NaN,NaN,NaN,NaN,NaN,NaN,NaN,NaN,NaN,NaN,NaN,NaN,NaN,0.373,NaN,0.369,NaN,NaN,NaN,NaN,NaN,0.457,NaN,0.857,NaN,NaN,1.006,0.873,0.888,0.86,0.86,0.86,0.888,0.695,NaN,0.73,NaN,NaN,NaN,NaN,NaN,NaN,NaN,NaN,NaN,NaN,NaN,NaN,NaN,0.857,0.886,1.272,1.313,1.893,2.172,2.172,2.016,1.929,2.303,2.303,2.256,2.303,2.256,2.256,2.346,2.411,2.541,2.525,2.243,2.395,2.541,2.772,3.032,3.022,3.157,3.157,3.507,3.615,3.964,4.197,3.948,3.921,3.312,3.237,3.183,2.997,2.891,2.056,NaN,NaN,NaN,NaN,NaN,NaN,NaN,NaN,NaN,NaN,NaN,NaN,NaN,NaN,NaN,NaN,NaN,NaN,NaN,NaN,NaN,NaN,NaN,NaN,NaN,NaN,NaN,0,0,0,NaN,0,NaN
NaN,NaN,0.368,0,NaN,NaN,NaN,NaN,NaN,NaN,NaN,NaN,NaN,NaN,NaN,NaN,NaN,NaN,NaN,NaN,NaN,NaN,NaN,NaN,NaN,NaN,NaN,NaN,NaN,NaN,NaN,NaN,NaN,NaN,NaN,NaN,NaN,NaN,NaN,NaN,NaN,NaN,NaN,NaN,NaN,NaN,NaN,NaN,NaN,NaN,NaN,NaN,NaN,NaN,NaN,NaN,NaN,NaN,NaN,1.313,1.925,1.925,2.172,1.949,1.949,2.032,2.303,2.302,2.303,2.256,2.256,2.269,2.469,2.613,2.613,2.522,2.541,2.674,2.691,3.025,3.144,3.502,3.447,3.47,3.554,3.964,3.654,3.615,3.183,2.971,2.939,2.891,2.794,1.429,NaN,NaN,NaN,NaN,NaN,NaN,NaN,NaN,NaN,NaN,NaN,NaN,NaN,NaN,NaN,NaN,NaN,NaN,NaN,NaN,NaN,NaN,NaN,NaN,NaN,NaN,NaN,NaN,0,0,0,NaN,0,NaN
NaN,NaN,NaN,0,NaN,NaN,NaN,NaN,NaN,NaN,NaN,NaN,NaN,NaN,NaN,NaN,NaN,NaN,NaN,NaN,NaN,NaN,NaN,NaN,NaN,NaN,NaN,NaN,NaN,NaN,NaN,NaN,NaN,NaN,NaN,NaN,NaN,NaN,NaN,NaN,NaN,NaN,NaN,NaN,NaN,NaN,NaN,NaN,NaN,NaN,NaN,NaN,NaN,NaN,NaN,NaN,NaN,0.481,NaN,0.895,1.496,1.774,1.925,1.929,1.949,2.303,2.303,2.555,2.303,2.303,2.302,2.346,2.469,2.68,2.68,2.674,2.674,2.717,2.772,3.046,3.157,3.274,3.447,3.502,3.554,3.615,3.53,3.53,2.971,2.807,2.697,2.056,1.429,0.791,NaN,NaN,NaN,NaN,NaN,NaN,NaN,NaN,NaN,NaN,NaN,NaN,NaN,NaN,NaN,NaN,NaN,NaN,NaN,NaN,NaN,NaN,NaN,NaN,NaN,NaN,NaN,NaN,0,0,0,NaN,0,NaN
NaN,NaN,NaN,0,NaN,NaN,NaN,NaN,NaN,NaN,NaN,NaN,NaN,NaN,NaN,NaN,NaN,NaN,NaN,NaN,NaN,NaN,NaN,NaN,NaN,NaN,NaN,NaN,NaN,NaN,NaN,NaN,NaN,NaN,NaN,NaN,NaN,NaN,NaN,NaN,NaN,NaN,NaN,NaN,NaN,NaN,NaN,NaN,NaN,NaN,NaN,NaN,NaN,NaN,NaN,NaN,NaN,NaN,0.481,NaN,0.965,1.513,1.633,1.774,1.929,2.27,2.303,2.374,2.303,2.31,2.302,2.374,2.469,2.469,2.613,2.674,2.717,2.717,3.144,3.157,3.232,3.232,3.35,3.47,3.476,3.47,3.447,2.807,2.666,2.479,1.957,NaN,0.791,NaN,NaN,NaN,NaN,NaN,NaN,NaN,NaN,NaN,NaN,NaN,NaN,NaN,NaN,NaN,NaN,NaN,NaN,NaN,NaN,NaN,NaN,NaN,NaN,NaN,NaN,NaN,NaN,NaN,0,0,0,NaN,0,NaN
NaN,NaN,NaN,0,NaN,NaN,NaN,NaN,NaN,NaN,NaN,NaN,NaN,NaN,NaN,NaN,NaN,NaN,NaN,NaN,NaN,NaN,NaN,NaN,NaN,NaN,NaN,NaN,NaN,NaN,NaN,NaN,NaN,NaN,NaN,NaN,NaN,NaN,NaN,NaN,NaN,NaN,NaN,NaN,NaN,NaN,NaN,NaN,NaN,NaN,NaN,NaN,NaN,NaN,NaN,NaN,NaN,NaN,NaN,NaN,0.566,NaN,1.627,1.633,1.698,1.949,2.303,2.374,2.566,2.374,2.346,2.415,2.613,2.415,2.613,2.613,2.709,2.717,3.144,3.182,3.274,3.274,3.35,3.383,3.35,3.091,2.939,2.479,1.957,1.173,1.173,0.791,NaN,NaN,NaN,NaN,NaN,NaN,NaN,NaN,NaN,NaN,NaN,NaN,NaN,NaN,NaN,NaN,NaN,NaN,NaN,NaN,NaN,NaN,NaN,NaN,NaN,NaN,NaN,NaN,NaN,NaN,0,0,0,NaN,0,NaN
NaN,NaN,NaN,0,NaN,NaN,NaN,NaN,NaN,NaN,NaN,NaN,NaN,NaN,NaN,NaN,NaN,NaN,NaN,NaN,NaN,NaN,NaN,NaN,NaN,NaN,NaN,NaN,NaN,NaN,NaN,NaN,NaN,NaN,NaN,NaN,NaN,NaN,NaN,NaN,NaN,NaN,NaN,NaN,NaN,NaN,NaN,NaN,NaN,NaN,NaN,NaN,NaN,NaN,NaN,NaN,NaN,NaN,NaN,NaN,NaN,NaN,NaN,1.496,1.774,1.949,2.303,2.374,2.513,2.403,2.513,2.469,2.513,2.613,2.613,2.499,2.709,2.917,3.049,3.182,3.329,3.329,3.237,3.078,2.939,2.593,1.957,1.008,0.939,0.712,NaN,NaN,NaN,NaN,NaN,NaN,NaN,NaN,NaN,NaN,NaN,NaN,NaN,NaN,NaN,NaN,NaN,NaN,NaN,NaN,NaN,NaN,NaN,NaN,NaN,NaN,NaN,NaN,NaN,NaN,NaN,NaN,0,0,0,NaN,0,NaN
NaN,NaN,NaN,0,NaN,NaN,NaN,NaN,NaN,NaN,NaN,NaN,NaN,NaN,NaN,NaN,NaN,NaN,NaN,NaN,NaN,NaN,NaN,NaN,NaN,NaN,NaN,NaN,NaN,NaN,NaN,NaN,NaN,NaN,NaN,NaN,NaN,NaN,NaN,NaN,NaN,NaN,NaN,NaN,NaN,NaN,NaN,NaN,NaN,NaN,NaN,NaN,NaN,NaN,NaN,NaN,NaN,NaN,NaN,NaN,NaN,NaN,NaN,NaN,1.119,1.627,1.818,2.301,2.32,2.403,2.513,2.513,2.415,2.706,2.499,2.499,2.709,2.983,2.983,3.182,3.182,3.182,2.864,2.864,1.881,1.025,1.008,0.713,0.712,NaN,NaN,NaN,NaN,NaN,NaN,NaN,NaN,NaN,0.361,NaN,NaN,NaN,NaN,NaN,NaN,NaN,NaN,NaN,NaN,NaN,NaN,NaN,NaN,NaN,NaN,NaN,NaN,NaN,NaN,NaN,NaN,NaN,0,0,0,NaN,0,NaN
NaN,NaN,NaN,0,NaN,NaN,NaN,NaN,NaN,NaN,NaN,NaN,NaN,NaN,NaN,NaN,NaN,NaN,NaN,NaN,NaN,NaN,NaN,NaN,NaN,NaN,NaN,NaN,NaN,NaN,NaN,NaN,NaN,NaN,NaN,NaN,NaN,NaN,NaN,NaN,NaN,NaN,NaN,NaN,NaN,NaN,NaN,NaN,NaN,NaN,NaN,NaN,NaN,NaN,NaN,NaN,NaN,NaN,NaN,NaN,NaN,NaN,NaN,NaN,NaN,NaN,1.044,1.818,1.992,2.136,2.382,2.382,2.349,2.415,2.349,2.317,2.499,2.709,2.499,2.78,2.436,2.436,1.881,1.828,1.216,1.008,NaN,NaN,NaN,NaN,NaN,NaN,NaN,NaN,NaN,NaN,NaN,NaN,NaN,NaN,NaN,NaN,NaN,NaN,NaN,NaN,NaN,NaN,NaN,NaN,NaN,NaN,NaN,NaN,NaN,0.434,NaN,NaN,NaN,NaN,NaN,0.42,0,0,0,NaN,0,NaN
NaN,NaN,NaN,0,NaN,NaN,NaN,NaN,NaN,NaN,NaN,NaN,NaN,NaN,NaN,NaN,NaN,NaN,NaN,NaN,NaN,NaN,NaN,NaN,NaN,NaN,NaN,NaN,NaN,NaN,NaN,NaN,NaN,NaN,NaN,NaN,NaN,NaN,NaN,NaN,NaN,NaN,NaN,NaN,NaN,NaN,NaN,NaN,NaN,NaN,NaN,NaN,NaN,NaN,NaN,NaN,NaN,NaN,NaN,NaN,NaN,NaN,NaN,NaN,NaN,0.553,NaN,1.044,1.315,1.992,2.108,2.136,2.197,2.197,2.307,2.307,2.358,2.358,2.358,1.744,1.744,1.744,1.711,NaN,NaN,NaN,NaN,NaN,NaN,NaN,NaN,NaN,NaN,NaN,NaN,NaN,NaN,NaN,NaN,NaN,NaN,NaN,NaN,NaN,NaN,NaN,NaN,NaN,NaN,NaN,NaN,NaN,NaN,NaN,NaN,NaN,NaN,NaN,NaN,NaN,0.374,NaN,0,0,0,NaN,0,NaN
NaN,NaN,NaN,0,NaN,NaN,NaN,NaN,NaN,NaN,NaN,NaN,NaN,NaN,NaN,NaN,NaN,NaN,NaN,NaN,NaN,NaN,NaN,NaN,NaN,NaN,NaN,0.385,NaN,NaN,NaN,NaN,NaN,NaN,NaN,NaN,NaN,NaN,NaN,NaN,NaN,NaN,NaN,NaN,NaN,NaN,NaN,NaN,NaN,NaN,NaN,NaN,NaN,NaN,NaN,NaN,NaN,NaN,NaN,NaN,NaN,NaN,NaN,NaN,NaN,NaN,NaN,NaN,1.044,1.203,1.217,1.315,1.746,1.746,1.931,1.931,2.307,1.744,1.711,1.667,1.216,1.407,NaN,NaN,NaN,NaN,NaN,NaN,NaN,NaN,NaN,NaN,NaN,NaN,NaN,NaN,NaN,NaN,NaN,NaN,NaN,NaN,NaN,NaN,NaN,NaN,0.355,NaN,NaN,0.375,NaN,0.458,NaN,NaN,NaN,NaN,NaN,NaN,NaN,NaN,NaN,NaN,0,0,0,NaN,0,NaN
NaN,NaN,NaN,0,NaN,NaN,NaN,NaN,NaN,NaN,NaN,NaN,NaN,NaN,NaN,NaN,NaN,NaN,NaN,NaN,NaN,NaN,NaN,NaN,NaN,NaN,NaN,NaN,NaN,NaN,NaN,NaN,NaN,NaN,NaN,NaN,NaN,NaN,NaN,NaN,NaN,NaN,NaN,NaN,NaN,NaN,NaN,NaN,NaN,NaN,NaN,NaN,NaN,NaN,NaN,NaN,NaN,NaN,NaN,NaN,NaN,NaN,NaN,NaN,NaN,NaN,NaN,NaN,NaN,NaN,NaN,1.203,1.11,1.178,1.178,NaN,0.966,NaN,0.682,0.682,NaN,NaN,NaN,NaN,0.354,NaN,NaN,NaN,NaN,NaN,NaN,NaN,NaN,NaN,NaN,NaN,NaN,NaN,NaN,NaN,NaN,NaN,NaN,NaN,NaN,NaN,0.616,NaN,NaN,NaN,NaN,NaN,NaN,NaN,NaN,NaN,NaN,NaN,NaN,NaN,NaN,NaN,0,0,0,NaN,0,NaN
NaN,NaN,NaN,0,NaN,NaN,NaN,NaN,NaN,NaN,NaN,NaN,NaN,NaN,NaN,NaN,NaN,NaN,NaN,NaN,NaN,NaN,NaN,NaN,NaN,NaN,NaN,NaN,NaN,NaN,NaN,NaN,NaN,NaN,NaN,NaN,NaN,NaN,NaN,NaN,NaN,NaN,NaN,NaN,0.36,NaN,NaN,NaN,NaN,NaN,NaN,NaN,NaN,NaN,NaN,NaN,NaN,NaN,NaN,NaN,NaN,NaN,NaN,NaN,NaN,NaN,NaN,NaN,NaN,NaN,NaN,NaN,NaN,NaN,NaN,NaN,NaN,0.682,NaN,NaN,NaN,NaN,NaN,NaN,NaN,NaN,NaN,NaN,NaN,NaN,NaN,NaN,NaN,NaN,NaN,NaN,NaN,NaN,NaN,NaN,NaN,NaN,NaN,NaN,NaN,NaN,NaN,NaN,NaN,NaN,NaN,NaN,NaN,NaN,NaN,NaN,NaN,NaN,NaN,NaN,NaN,NaN,0,0,0,NaN,0,NaN
NaN,NaN,NaN,0,NaN,NaN,NaN,NaN,NaN,NaN,NaN,NaN,NaN,NaN,NaN,NaN,NaN,NaN,NaN,NaN,NaN,NaN,NaN,NaN,NaN,0.403,NaN,NaN,NaN,NaN,NaN,NaN,NaN,NaN,NaN,NaN,NaN,NaN,NaN,NaN,NaN,NaN,NaN,NaN,NaN,NaN,NaN,NaN,NaN,NaN,NaN,NaN,NaN,NaN,NaN,NaN,NaN,NaN,NaN,NaN,NaN,NaN,NaN,NaN,NaN,NaN,NaN,NaN,NaN,NaN,NaN,NaN,NaN,NaN,NaN,NaN,NaN,NaN,NaN,NaN,NaN,NaN,NaN,NaN,NaN,NaN,NaN,NaN,NaN,NaN,0.373,NaN,NaN,NaN,NaN,NaN,NaN,NaN,NaN,NaN,NaN,NaN,NaN,NaN,NaN,NaN,NaN,NaN,NaN,NaN,NaN,NaN,NaN,NaN,NaN,NaN,NaN,NaN,NaN,NaN,NaN,NaN,0,0,0,NaN,0,NaN
NaN,NaN,NaN,0,NaN,NaN,NaN,NaN,NaN,NaN,NaN,NaN,NaN,NaN,NaN,NaN,NaN,NaN,NaN,NaN,NaN,NaN,NaN,NaN,NaN,NaN,NaN,NaN,NaN,NaN,NaN,NaN,NaN,NaN,NaN,NaN,NaN,NaN,NaN,NaN,NaN,NaN,NaN,NaN,NaN,NaN,NaN,NaN,NaN,NaN,NaN,NaN,NaN,NaN,NaN,NaN,NaN,NaN,NaN,NaN,NaN,NaN,NaN,NaN,NaN,NaN,NaN,NaN,NaN,NaN,NaN,NaN,NaN,NaN,NaN,NaN,NaN,NaN,NaN,NaN,NaN,NaN,NaN,NaN,NaN,NaN,NaN,NaN,NaN,NaN,NaN,NaN,NaN,NaN,NaN,NaN,NaN,NaN,NaN,NaN,NaN,NaN,NaN,NaN,NaN,NaN,NaN,NaN,NaN,NaN,NaN,NaN,NaN,NaN,NaN,NaN,NaN,NaN,NaN,NaN,NaN,NaN,0,0,0,NaN,0,NaN
NaN,NaN,NaN,0,NaN,NaN,NaN,NaN,NaN,NaN,NaN,NaN,NaN,NaN,NaN,NaN,NaN,NaN,NaN,NaN,NaN,NaN,NaN,NaN,0.379,NaN,NaN,NaN,NaN,NaN,NaN,NaN,NaN,NaN,NaN,NaN,NaN,NaN,NaN,NaN,NaN,NaN,NaN,NaN,NaN,NaN,NaN,NaN,NaN,NaN,NaN,NaN,NaN,NaN,NaN,NaN,NaN,NaN,NaN,NaN,NaN,NaN,NaN,NaN,NaN,NaN,NaN,NaN,NaN,NaN,NaN,NaN,NaN,NaN,NaN,NaN,0.368,NaN,NaN,NaN,NaN,NaN,NaN,NaN,NaN,NaN,NaN,NaN,NaN,NaN,NaN,NaN,NaN,NaN,NaN,NaN,NaN,NaN,NaN,NaN,NaN,NaN,NaN,NaN,NaN,NaN,NaN,NaN,NaN,NaN,NaN,NaN,NaN,NaN,0.366,NaN,NaN,NaN,NaN,NaN,NaN,NaN,0,0,0,NaN,0,NaN
NaN,NaN,NaN,0,NaN,NaN,NaN,NaN,NaN,NaN,NaN,NaN,NaN,NaN,NaN,NaN,NaN,NaN,NaN,NaN,NaN,NaN,NaN,NaN,NaN,NaN,NaN,NaN,NaN,NaN,NaN,NaN,NaN,NaN,NaN,NaN,NaN,NaN,NaN,NaN,NaN,NaN,NaN,NaN,NaN,NaN,NaN,NaN,NaN,NaN,NaN,NaN,NaN,NaN,NaN,NaN,NaN,NaN,NaN,NaN,NaN,NaN,NaN,NaN,NaN,NaN,NaN,NaN,NaN,NaN,NaN,NaN,NaN,NaN,NaN,NaN,NaN,NaN,NaN,NaN,NaN,NaN,NaN,NaN,NaN,NaN,NaN,NaN,NaN,NaN,NaN,NaN,NaN,NaN,NaN,NaN,NaN,NaN,NaN,NaN,NaN,NaN,NaN,NaN,NaN,NaN,NaN,NaN,NaN,NaN,NaN,NaN,NaN,NaN,NaN,NaN,NaN,NaN,NaN,NaN,NaN,NaN,0,0,0,NaN,0,NaN
NaN,NaN,NaN,0,NaN,NaN,NaN,NaN,NaN,NaN,NaN,NaN,NaN,NaN,NaN,NaN,NaN,NaN,NaN,NaN,NaN,NaN,NaN,NaN,NaN,NaN,NaN,NaN,NaN,NaN,NaN,NaN,NaN,NaN,NaN,NaN,NaN,NaN,NaN,NaN,NaN,NaN,NaN,NaN,NaN,NaN,NaN,NaN,NaN,NaN,NaN,NaN,NaN,NaN,NaN,NaN,NaN,NaN,NaN,NaN,NaN,NaN,NaN,NaN,0.36,NaN,NaN,NaN,NaN,NaN,NaN,NaN,NaN,NaN,NaN,NaN,NaN,NaN,NaN,NaN,NaN,NaN,NaN,NaN,NaN,NaN,NaN,NaN,NaN,NaN,NaN,NaN,NaN,NaN,NaN,NaN,NaN,NaN,NaN,NaN,NaN,NaN,NaN,NaN,NaN,NaN,NaN,NaN,NaN,NaN,NaN,NaN,NaN,NaN,NaN,NaN,NaN,NaN,NaN,NaN,NaN,NaN,0,0,0,NaN,0,NaN
NaN,NaN,NaN,0,NaN,NaN,NaN,NaN,NaN,NaN,NaN,NaN,NaN,NaN,NaN,NaN,NaN,NaN,NaN,NaN,NaN,NaN,NaN,NaN,NaN,NaN,NaN,NaN,NaN,NaN,NaN,NaN,NaN,NaN,NaN,NaN,NaN,NaN,NaN,NaN,NaN,NaN,NaN,NaN,NaN,NaN,NaN,NaN,NaN,NaN,NaN,NaN,NaN,NaN,NaN,NaN,NaN,NaN,NaN,NaN,NaN,NaN,NaN,NaN,NaN,NaN,NaN,NaN,NaN,NaN,NaN,NaN,NaN,NaN,NaN,NaN,NaN,NaN,NaN,NaN,NaN,NaN,NaN,NaN,NaN,NaN,NaN,NaN,NaN,NaN,NaN,NaN,NaN,NaN,NaN,NaN,NaN,NaN,NaN,NaN,NaN,NaN,NaN,NaN,NaN,NaN,NaN,NaN,NaN,NaN,0.465,NaN,NaN,NaN,NaN,NaN,NaN,NaN,NaN,NaN,NaN,NaN,0,0,0,NaN,0,NaN
NaN,NaN,NaN,0,NaN,NaN,NaN,NaN,NaN,NaN,NaN,NaN,NaN,NaN,NaN,NaN,NaN,NaN,NaN,NaN,NaN,NaN,NaN,NaN,NaN,NaN,NaN,NaN,NaN,NaN,NaN,NaN,NaN,NaN,NaN,NaN,NaN,NaN,NaN,NaN,NaN,NaN,NaN,NaN,NaN,NaN,NaN,NaN,NaN,NaN,NaN,NaN,NaN,NaN,NaN,NaN,NaN,NaN,NaN,NaN,NaN,NaN,NaN,NaN,NaN,NaN,NaN,NaN,NaN,NaN,NaN,NaN,NaN,NaN,NaN,NaN,NaN,NaN,NaN,NaN,NaN,NaN,NaN,NaN,NaN,NaN,NaN,NaN,NaN,NaN,NaN,NaN,NaN,NaN,NaN,NaN,NaN,NaN,NaN,NaN,NaN,NaN,NaN,NaN,NaN,NaN,NaN,NaN,NaN,NaN,NaN,NaN,NaN,NaN,NaN,NaN,NaN,NaN,NaN,NaN,NaN,NaN,0,0,0,NaN,0,NaN
NaN,NaN,NaN,0,NaN,NaN,NaN,NaN,NaN,NaN,NaN,NaN,NaN,NaN,NaN,NaN,NaN,NaN,NaN,NaN,NaN,NaN,NaN,NaN,NaN,NaN,NaN,NaN,NaN,NaN,NaN,NaN,NaN,NaN,NaN,NaN,NaN,NaN,NaN,0.514,NaN,NaN,NaN,NaN,NaN,NaN,NaN,NaN,NaN,NaN,NaN,NaN,NaN,NaN,NaN,NaN,NaN,NaN,NaN,NaN,NaN,NaN,NaN,NaN,NaN,NaN,NaN,NaN,NaN,NaN,NaN,NaN,NaN,NaN,NaN,NaN,NaN,NaN,NaN,NaN,NaN,NaN,NaN,NaN,NaN,NaN,NaN,NaN,NaN,NaN,NaN,NaN,NaN,NaN,NaN,NaN,NaN,NaN,NaN,NaN,NaN,NaN,NaN,NaN,NaN,NaN,NaN,NaN,NaN,NaN,NaN,NaN,NaN,NaN,NaN,NaN,NaN,NaN,NaN,NaN,NaN,NaN,0,0,0,NaN,0,NaN
NaN,NaN,NaN,0,NaN,NaN,NaN,NaN,NaN,NaN,NaN,NaN,NaN,NaN,NaN,NaN,NaN,NaN,NaN,NaN,NaN,NaN,NaN,NaN,NaN,NaN,NaN,NaN,NaN,NaN,NaN,NaN,NaN,NaN,NaN,NaN,NaN,NaN,NaN,NaN,NaN,NaN,NaN,NaN,NaN,NaN,NaN,NaN,NaN,NaN,NaN,NaN,NaN,NaN,NaN,NaN,NaN,NaN,NaN,NaN,NaN,NaN,NaN,NaN,NaN,NaN,NaN,NaN,NaN,NaN,NaN,NaN,NaN,NaN,NaN,NaN,NaN,NaN,NaN,NaN,NaN,NaN,NaN,NaN,NaN,NaN,NaN,NaN,NaN,NaN,NaN,NaN,NaN,NaN,NaN,NaN,NaN,NaN,NaN,NaN,NaN,NaN,NaN,NaN,NaN,NaN,NaN,NaN,NaN,NaN,NaN,NaN,NaN,NaN,NaN,NaN,NaN,NaN,NaN,NaN,NaN,NaN,0,0,0,NaN,0,NaN
NaN,NaN,NaN,0,NaN,NaN,NaN,NaN,NaN,NaN,NaN,NaN,NaN,NaN,NaN,NaN,NaN,NaN,NaN,NaN,NaN,NaN,NaN,NaN,NaN,NaN,NaN,NaN,NaN,NaN,NaN,NaN,NaN,NaN,NaN,NaN,NaN,NaN,NaN,NaN,NaN,NaN,NaN,NaN,NaN,NaN,NaN,NaN,NaN,NaN,NaN,NaN,NaN,NaN,NaN,NaN,NaN,NaN,NaN,NaN,NaN,NaN,NaN,NaN,0.406,NaN,NaN,NaN,NaN,NaN,NaN,NaN,NaN,NaN,NaN,NaN,NaN,NaN,NaN,NaN,NaN,NaN,NaN,NaN,NaN,NaN,NaN,NaN,NaN,NaN,NaN,NaN,NaN,NaN,NaN,NaN,NaN,NaN,NaN,NaN,NaN,NaN,NaN,NaN,NaN,NaN,NaN,NaN,NaN,NaN,NaN,NaN,NaN,NaN,NaN,NaN,NaN,NaN,NaN,NaN,NaN,NaN,0,0,0,NaN,0,NaN
NaN,NaN,NaN,0,NaN,NaN,NaN,NaN,NaN,NaN,NaN,NaN,NaN,NaN,NaN,NaN,NaN,NaN,NaN,NaN,NaN,NaN,NaN,NaN,NaN,NaN,NaN,NaN,NaN,NaN,NaN,NaN,NaN,NaN,NaN,NaN,NaN,NaN,NaN,NaN,NaN,NaN,NaN,NaN,NaN,NaN,NaN,NaN,NaN,NaN,NaN,NaN,NaN,NaN,NaN,NaN,NaN,NaN,NaN,NaN,NaN,NaN,NaN,NaN,NaN,NaN,NaN,NaN,NaN,NaN,NaN,NaN,NaN,NaN,NaN,NaN,NaN,NaN,NaN,NaN,NaN,NaN,NaN,NaN,NaN,NaN,NaN,NaN,NaN,NaN,NaN,NaN,NaN,NaN,NaN,NaN,NaN,NaN,NaN,NaN,NaN,NaN,NaN,NaN,NaN,NaN,NaN,NaN,NaN,NaN,NaN,NaN,0.653,NaN,NaN,NaN,NaN,NaN,NaN,0.4,NaN,NaN,0,0,0,NaN,0,NaN
NaN,NaN,NaN,0,NaN,NaN,NaN,NaN,NaN,NaN,NaN,NaN,NaN,NaN,NaN,NaN,NaN,NaN,NaN,NaN,NaN,NaN,NaN,NaN,NaN,NaN,NaN,NaN,NaN,NaN,NaN,NaN,NaN,NaN,NaN,NaN,NaN,NaN,NaN,NaN,NaN,NaN,NaN,NaN,NaN,NaN,NaN,NaN,NaN,NaN,NaN,NaN,NaN,NaN,NaN,NaN,NaN,NaN,0.356,NaN,NaN,NaN,NaN,NaN,NaN,NaN,NaN,NaN,NaN,NaN,NaN,NaN,NaN,NaN,NaN,NaN,NaN,NaN,NaN,NaN,NaN,NaN,NaN,NaN,NaN,NaN,NaN,NaN,NaN,NaN,NaN,0.351,NaN,NaN,NaN,NaN,0.39,NaN,NaN,NaN,NaN,NaN,NaN,NaN,NaN,NaN,NaN,NaN,NaN,NaN,NaN,0.653,NaN,1.418,NaN,NaN,NaN,NaN,NaN,NaN,NaN,NaN,0,0,0,NaN,0,NaN
